,tweet_id,breed_type,confidence_rate
0,666020888022790149,Welsh Springer Spaniel,0.465074
1,666029285002620928,Redbone,0.506826
2,666033412701032449,German Shepherd,0.596461
3,666044226329800704,Rhodesian Ridgeback,0.408143
4,666049248165822465,Miniature Pinscher,0.560311
5,666050758794694657,Bernese Mountain Dog,0.651137
6,666051853826850816,None,0.0
7,666055525042405380,Chow,0.692517
8,666057090499244032,Golden Retriever,0.00795896
9,666058600524156928,Miniature Poodle,0.201493
10,666063827256086533,Golden Retriever,0.77593
11,666071193221509120,Gordon Setter,0.503672
12,666073100786774016,Walker Hound,0.260857
13,666082916733198337,Pug,0.489814
14,666094000022159362,Bloodhound,0.195217
15,666099513787052032,Lhasa,0.58233
16,666102155909144576,English Setter,0.298617
17,666104133288665088,None,0.0
18,666268910803644416,None,0.0
19,666273097616637952,Italian Greyhound,0.176053
20,666287406224695296,Maltese Dog,0.8575309999999999
21,666293911632134144,None,0.0
22,666337882303524864,Newfoundland,0.278407
23,666345417576210432,Golden Retriever,0.8587440000000001
24,666353288456101888,Malamute,0.33687399999999995
25,666362758909284353,None,0.0
26,666373753744588802,Soft-Coated Wheaten Terrier,0.326467
27,666396247373291520,Chihuahua,0.978108
28,666407126856765440,Black-And-Tan Coonhound,0.529139
29,666411507551481857,None,0.0
30,666418789513326592,Toy Terrier,0.14968
31,666421158376562688,Blenheim Spaniel,0.906777
32,666428276349472768,Pembroke,0.371361
33,666430724426358785,Irish Terrier,0.104109
34,666435652385423360,Chesapeake Bay Retriever,0.18413
35,666437273139982337,Chihuahua,0.6718529999999999
36,666447344410484738,Curly-Coated Retriever,0.32208400000000004
37,666454714377183233,Dalmatian,0.278954
38,666644823164719104,Ibizan Hound,0.0443334
39,666649482315059201,Border Collie,0.447803
40,666691418707132416,German Shepherd,0.975401
41,666701168228331520,Labrador Retriever,0.887707
42,666739327293083650,Miniature Poodle,0.546933
43,666776908487630848,Miniature Pinscher,0.167175
44,666781792255496192,Italian Greyhound,0.618316
45,666786068205871104,None,0.0
46,666804364988780544,English Setter,0.32879200000000003
47,666817836334096384,Miniature Schnauzer,0.496953
48,666826780179869698,Maltese Dog,0.359383
49,666835007768551424,Airedale,0.448459
50,666837028449972224,None,0.0
51,666983947667116034,None,0.0
52,666996132027977728,Rottweiler,0.0624899
53,667012601033924608,None,0.0
54,667044094246576128,Golden Retriever,0.765266
55,667062181243039745,Chesapeake Bay Retriever,0.825678
56,667065535570550784,None,0.0
57,667073648344346624,Chihuahua,0.483682
58,667090893657276420,Chihuahua,0.959514
59,667119796878725120,Pembroke,0.741563
60,667138269671505920,West Highland White Terrier,0.747713
61,667152164079423490,Toy Poodle,0.535411
62,667160273090932737,Golden Retriever,0.471351
63,667165590075940865,Miniature Pinscher,0.140173
64,667171260800061440,Giant Schnauzer,0.8412649999999999
65,667174963120574464,Toy Poodle,0.266437
66,667176164155375616,Soft-Coated Wheaten Terrier,0.318981
67,667177989038297088,Vizsla,0.25924899999999995
68,667182792070062081,Golden Retriever,0.949892
69,667188689915760640,None,0.0
70,667192066997374976,Rottweiler,0.28364
71,667200525029539841,Siberian Husky,0.694904
72,667211855547486208,Golden Retriever,0.462556
73,667369227918143488,None,0.0
74,667393430834667520,Papillon,0.557009
75,667405339315146752,Saint Bernard,0.381377
76,667435689202614272,Rottweiler,0.999091
77,667437278097252352,None,0.0
78,667443425659232256,None,0.0
79,667453023279554560,Labrador Retriever,0.8256700000000001
80,667455448082227200,Tibetan Terrier,0.676376
81,667470559035432960,Toy Poodle,0.304175
82,667491009379606528,Borzoi,0.852088
83,667495797102141441,Chihuahua,0.143957
84,667502640335572993,Labrador Retriever,0.996709
85,667509364010450944,Beagle,0.636169
86,667517642048163840,Italian Greyhound,0.125176
87,667524857454854144,Chesapeake Bay Retriever,0.08812239999999999
88,667530908589760512,Golden Retriever,0.633037
89,667534815156183040,Pembroke,0.435254
90,667538891197542400,Yorkshire Terrier,0.618957
91,667544320556335104,Pomeranian,0.412893
92,667546741521195010,Toy Poodle,0.787424
93,667549055577362432,None,0.0
94,667550882905632768,None,0.0
95,667550904950915073,Vizsla,8.10632e-05
96,667724302356258817,None,0.0
97,667728196545200128,Kuvasz,0.360159
98,667766675769573376,None,0.0
99,667773195014021121,West Highland White Terrier,0.360465
100,667782464991965184,None,0.0
101,667793409583771648,Dalmatian,0.5350729999999999
102,667801013445750784,Flat-Coated Retriever,0.508392
103,667806454573760512,Chihuahua,0.187155
104,667832474953625600,Miniature Pinscher,0.2142
105,667861340749471744,Malamute,0.967275
106,667866724293877760,None,0.0
107,667873844930215936,None,0.0
108,667878741721415682,Miniature Pinscher,0.106003
109,667885044254572545,Malamute,0.0885297
110,667886921285246976,Pomeranian,0.8004319999999999
111,667902449697558528,Norwegian Elkhound,0.298881
112,667911425562669056,None,0.0
113,667915453470232577,Boxer,0.196655
114,667924896115245057,Labrador Retriever,0.209051
115,667937095915278337,None,0.0
116,668113020489474048,Pembroke,0.548896
117,668142349051129856,None,0.0
118,668154635664932864,None,0.0
119,668171859951755264,Chihuahua,0.664834
120,668190681446379520,Blenheim Spaniel,0.958402
121,668204964695683073,Labrador Retriever,0.65518
122,668221241640230912,Chow,0.395101
123,668226093875376128,None,0.0
124,668237644992782336,Chow,0.8093199999999999
125,668248472370458624,Chihuahua,0.7345470000000001
126,668256321989451776,Pembroke,0.0944294
127,668268907921326080,Pembroke,0.48483
128,668274247790391296,Soft-Coated Wheaten Terrier,0.406374
129,668286279830867968,Golden Retriever,0.215944
130,668291999406125056,None,0.0
131,668297328638447616,Eskimo Dog,0.0327838
132,668466899341221888,None,0.0
133,668480044826800133,Labrador Retriever,0.0999648
134,668484198282485761,Standard Poodle,0.587372
135,668496999348633600,Staffordshire Bullterrier,0.412879
136,668507509523615744,Basenji,0.0553794
137,668528771708952576,Labrador Retriever,0.195835
138,668537837512433665,Lakeland Terrier,0.372988
139,668542336805281792,American Staffordshire Terrier,0.267695
140,668544745690562560,None,0.0
141,668567822092664832,Shih-Tzu,0.985649
142,668614819948453888,None,0.0
143,668620235289837568,None,0.0
144,668623201287675904,Chihuahua,0.708163
145,668625577880875008,Groenendael,0.0544548
146,668627278264475648,French Bulldog,0.965403
147,668631377374486528,Miniature Schnauzer,0.904549
148,668633411083464705,Pekinese,0.589011
149,668636665813057536,Komondor,0.999956
150,668641109086707712,Pug,0.146311
151,668643542311546881,None,0.0
152,668645506898350081,None,0.0
153,668655139528511488,Beagle,0.31911
154,668779399630725120,Chesapeake Bay Retriever,0.285508
155,668815180734689280,Redbone,0.461172
156,668826086256599040,Malinois,0.640185
157,668852170888998912,Golden Retriever,0.903529
158,668872652652679168,Miniature Schnauzer,0.0355366
159,668892474547511297,Kelpie,0.421979
160,668902994700836864,Brittany Spaniel,0.828425
161,668932921458302977,Standard Poodle,0.237638
162,668955713004314625,Cocker Spaniel,0.367492
163,668960084974809088,Chesapeake Bay Retriever,0.165878
164,668975677807423489,Basset,0.605437
165,668979806671884288,Golden Retriever,0.608537
166,668981893510119424,None,0.0
167,668986018524233728,Chihuahua,0.00563972
168,668988183816871936,None,0.0
169,668989615043424256,Pug,0.917326
170,668992363537309700,None,0.0
171,668994913074286592,English Springer,0.0897633
172,669000397445533696,Pembroke,0.82294
173,669006782128353280,Chihuahua,0.127178
174,669015743032369152,None,0.0
175,669037058363662336,Chihuahua,0.803528
176,669203728096960512,Pug,0.910452
177,669214165781868544,None,0.0
178,669216679721873412,Golden Retriever,0.992758
179,669324657376567296,Cardigan,0.131544
180,669327207240699904,Golden Retriever,0.919584
181,669328503091937280,Siberian Husky,0.424202
182,669351434509529089,None,0.0
183,669353438988365824,Pembroke,0.212343
184,669354382627049472,Chihuahua,0.97399
185,669359674819481600,Labrador Retriever,0.367818
186,669363888236994561,Golden Retriever,0.539004
187,669367896104181761,Basset,0.749394
188,669371483794317312,Brabancon Griffon,0.483268
189,669375718304980992,Airedale,0.168762
190,669393256313184256,Cocker Spaniel,0.359843
191,669564461267722241,Toy Poodle,0.623685
192,669567591774625800,Chihuahua,0.980511
193,669571471778410496,None,0.0
194,669573570759163904,West Highland White Terrier,0.946828
195,669583744538451968,None,0.0
196,669597912108789760,Eskimo Dog,0.595665
197,669603084620980224,Maltese Dog,0.659619
198,669625907762618368,Golden Retriever,0.0554081
199,669661792646373376,None,0.0
200,669680153564442624,Dalmatian,0.141257
201,669682095984410625,None,0.0
202,669683899023405056,Pomeranian,0.998275
203,669749430875258880,None,0.0
204,669753178989142016,Pembroke,0.8584940000000001
205,669923323644657664,None,0.0
206,669926384437997569,Pomeranian,0.984231
207,669942763794931712,Vizsla,0.743216
208,669970042633789440,Miniature Pinscher,0.734744
209,669972011175813120,None,0.0
210,669993076832759809,Toy Poodle,0.08650160000000001
211,670003130994700288,Beagle,0.375313
212,670037189829525505,None,0.0
213,670040295598354432,Borzoi,0.0266596
214,670046952931721218,Blenheim Spaniel,0.998335
215,670055038660800512,None,0.0
216,670061506722140161,Italian Greyhound,0.329339
217,670069087419133954,None,0.0
218,670073503555706880,Malamute,0.6018859999999999
219,670079681849372674,None,0.0
220,670086499208155136,German Short-Haired Pointer,0.273492
221,670093938074779648,Toy Poodle,0.383346
222,670290420111441920,Chihuahua,0.368876
223,670303360680108032,Shetland Sheepdog,0.380278
224,670319130621435904,Irish Terrier,0.254856
225,670338931251150849,Cairn,0.245033
226,670361874861563904,None,0.0
227,670374371102445568,English Springer,0.974936
228,670385711116361728,Whippet,0.178027
229,670403879788544000,Pug,0.8022229999999999
230,670408998013820928,None,0.0
231,670411370698022913,Maltese Dog,0.584397
232,670417414769758208,None,0.0
233,670420569653809152,None,0.0
234,670421925039075328,Chihuahua,0.275793
235,670427002554466305,Toy Terrier,0.0388716
236,670428280563085312,Chow,0.335269
237,670433248821026816,Giant Schnauzer,0.0622148
238,670434127938719744,Chesapeake Bay Retriever,0.027351
239,670435821946826752,Basenji,0.135767
240,670442337873600512,Sussex Spaniel,0.403552
241,670444955656130560,English Springer,0.403698
242,670449342516494336,None,0.0
243,670452855871037440,Malamute,0.08037949999999999
244,670465786746662913,None,0.0
245,670468609693655041,None,0.0
246,670474236058800128,None,0.0
247,670668383499735048,None,0.0
248,670676092097810432,Dandie Dinmont,0.6761020000000001
249,670679630144274432,Ibizan Hound,0.34273400000000004
250,670691627984359425,Shetland Sheepdog,0.07112439999999999
251,670704688707301377,Norwich Terrier,0.419838
252,670717338665226240,Pomeranian,0.368161
253,670727704916926465,None,0.0
254,670733412878163972,None,0.0
255,670755717859713024,Keeshond,0.994065
256,670764103623966721,Norfolk Terrier,0.17285
257,670778058496974848,Pug,0.776612
258,670780561024270336,Labrador Retriever,0.244889
259,670782429121134593,Chihuahua,0.952963
260,670783437142401025,None,0.0
261,670786190031921152,Pembroke,0.12743800000000002
262,670789397210615808,Beagle,0.295966
263,670792680469889025,Toy Poodle,0.031355
264,670797304698376195,Pembroke,0.472197
265,670803562457407488,Basenji,0.34410100000000005
266,670804601705242624,Pomeranian,0.86856
267,670807719151067136,Old English Sheepdog,0.958035
268,670811965569282048,Basset,0.99409
269,670815497391357952,American Staffordshire Terrier,0.919714
270,670822709593571328,Chihuahua,0.00125152
271,670823764196741120,Labrador Retriever,0.947453
272,670826280409919488,None,0.0
273,670832455012716544,Malinois,0.31760700000000003
274,670833812859932673,Pekinese,0.609853
275,670838202509447168,None,0.0
276,670840546554966016,Shih-Tzu,0.963622
277,670842764863651840,None,0.0
278,670995969505435648,Redbone,0.8662209999999999
279,671109016219725825,Basenji,0.855959
280,671115716440031232,Malinois,0.406341
281,671122204919246848,Chihuahua,0.101228
282,671134062904504320,Shih-Tzu,0.18038
283,671138694582165504,Samoyed,0.587342
284,671141549288370177,Borzoi,0.0753577
285,671147085991960577,Yorkshire Terrier,0.4672020000000001
286,671151324042559489,Rottweiler,0.781201
287,671154572044468225,Labrador Retriever,0.495047
288,671159727754231808,None,0.0
289,671163268581498880,Scottish Deerhound,0.0269829
290,671166507850801152,None,0.0
291,671182547775299584,Rottweiler,0.331179
292,671186162933985280,Chihuahua,0.319106
293,671347597085433856,None,0.0
294,671355857343524864,Miniature Poodle,0.313811
295,671357843010908160,Italian Greyhound,0.831757
296,671362598324076544,None,0.0
297,671390180817915904,None,0.0
298,671485057807351808,Samoyed,0.627901
299,671486386088865792,German Shepherd,0.8270350000000001
300,671488513339211776,None,0.0
301,671497587707535361,None,0.0
302,671504605491109889,Toy Poodle,0.259115
303,671511350426865664,None,0.0
304,671518598289059840,Lakeland Terrier,0.428275
305,671520732782923777,Pomeranian,0.551031
306,671528761649688577,Doberman,0.782626
307,671533943490011136,None,0.0
308,671536543010570240,Pug,0.537652
309,671538301157904385,None,0.0
310,671542985629241344,Shetland Sheepdog,0.980339
311,671544874165002241,None,0.0
312,671547767500775424,None,0.0
313,671561002136281088,Gordon Setter,0.4693729999999999
314,671729906628341761,Kuvasz,0.431469
315,671735591348891648,Irish Wolfhound,0.06307819999999999
316,671743150407421952,Toy Poodle,0.4194270000000001
317,671744970634719232,None,0.0
318,671763349865160704,None,0.0
319,671768281401958400,Chihuahua,0.500373
320,671789708968640512,Dalmatian,0.114259
321,671855973984772097,None,0.0
322,671866342182637568,Labrador Retriever,0.8756139999999999
323,671874878652489728,None,0.0
324,671879137494245376,None,0.0
325,671882082306625538,None,0.0
326,671891728106971137,Labrador Retriever,0.567933
327,671896809300709376,Chow,0.243529
328,672068090318987265,Pug,0.8633850000000001
329,672082170312290304,Toy Poodle,0.123962
330,672095186491711488,Pug,0.794087
331,672125275208069120,Golden Retriever,8.67567e-05
332,672139350159835138,Rottweiler,0.29099200000000003
333,672160042234327040,Pug,0.561027
334,672169685991993344,Cocker Spaniel,0.991011
335,672205392827572224,Pug,0.00326691
336,672222792075620352,Beagle,0.958178
337,672231046314901505,None,0.0
338,672239279297454080,Pug,0.332536
339,672245253877968896,Chihuahua,0.7189439999999999
340,672248013293752320,Irish Terrier,0.413173
341,672254177670729728,Pug,0.979487
342,672256522047614977,None,0.0
343,672264251789176834,Chihuahua,0.6098600000000001
344,672267570918129665,Irish Terrier,0.716932
345,672272411274932228,Pug,0.914685
346,672466075045466113,Cocker Spaniel,0.150424
347,672475084225949696,None,0.0
348,672481316919734272,Border Collie,0.599454
349,672482722825261057,West Highland White Terrier,0.5861729999999999
350,672488522314567680,Doberman,0.605358
351,672523490734551040,Golden Retriever,0.5659810000000001
352,672538107540070400,Chihuahua,0.160274
353,672591271085670400,None,0.0
354,672591762242805761,Kuvasz,0.777659
355,672594978741354496,Great Pyrenees,0.755945
356,672604026190569472,Toy Poodle,0.8201579999999999
357,672609152938721280,None,0.0
358,672614745925664768,None,0.0
359,672622327801233409,Golden Retriever,0.952773
360,672640509974827008,Chesapeake Bay Retriever,0.420155
361,672828477930868736,None,0.0
362,672834301050937345,Pembroke,0.5825600000000001
363,672877615439593473,Chihuahua,0.412362
364,672884426393653248,None,0.0
365,672898206762672129,None,0.0
366,672902681409806336,None,0.0
367,672964561327235073,Chihuahua,0.292343
368,672968025906282496,Toy Poodle,0.678046
369,672970152493887488,None,0.0
370,672975131468300288,Pug,0.8364209999999999
371,672980819271634944,Basset,0.219461
372,672984142909456390,None,0.0
373,672988786805112832,Lakeland Terrier,0.8366319999999999
374,672995267319328768,French Bulldog,0.7195590000000001
375,672997845381865473,Chow,0.517255
376,673148804208660480,None,0.0
377,673213039743795200,Schipperke,0.8880819999999999
378,673240798075449344,Airedale,0.443004
379,673270968295534593,Shih-Tzu,0.610453
380,673295268553605120,Golden Retriever,0.889241
381,673317986296586240,Miniature Pinscher,0.384099
382,673320132811366400,Samoyed,0.978833
383,673342308415348736,Chihuahua,0.013559200000000002
384,673343217010679808,Chihuahua,0.541408
385,673345638550134785,Pomeranian,0.064627
386,673350198937153538,West Highland White Terrier,0.11918800000000003
387,673352124999274496,Golden Retriever,0.672808
388,673355879178194945,Rottweiler,0.5292479999999999
389,673359818736984064,English Setter,0.6965680000000001
390,673363615379013632,None,0.0
391,673576835670777856,None,0.0
392,673580926094458881,Beagle,0.985062
393,673583129559498752,Golden Retriever,0.113946
394,673612854080196609,Newfoundland,0.223101
395,673636718965334016,Pug,0.0190443
396,673656262056419329,Bull Mastiff,0.700625
397,673662677122719744,Labrador Retriever,0.95767
398,673680198160809984,Samoyed,0.989853
399,673686845050527744,Pekinese,0.185903
400,673688752737402881,Soft-Coated Wheaten Terrier,0.340806
401,673689733134946305,Chesapeake Bay Retriever,0.38222
402,673697980713705472,None,0.0
403,673700254269775872,None,0.0
404,673705679337693185,Shih-Tzu,0.165383
405,673707060090052608,German Short-Haired Pointer,0.935771
406,673708611235921920,Golden Retriever,0.936333
407,673709992831262724,Chihuahua,0.330171
408,673711475735838725,Maltese Dog,0.607401
409,673715861853720576,None,0.0
410,673887867907739649,Brabancon Griffon,0.216767
411,673906403526995968,Soft-Coated Wheaten Terrier,0.0489277
412,673919437611909120,Schipperke,0.115984
413,673956914389192708,Pug,0.5861609999999999
414,674008982932058114,None,0.0
415,674014384960745472,Pembroke,0.74232
416,674019345211760640,Collie,0.992732
417,674024893172875264,Pomeranian,0.6485
418,674036086168010753,Toy Poodle,0.685617
419,674038233588723717,Eskimo Dog,0.358459
420,674042553264685056,Toy Poodle,0.927975
421,674045139690631169,None,0.0
422,674051556661161984,Shih-Tzu,0.179777
423,674053186244734976,Cardigan,0.984725
424,674063288070742018,None,0.0
425,674075285688614912,Airedale,0.305392
426,674082852460433408,Pomeranian,0.666957
427,674255168825880576,Eskimo Dog,0.615741
428,674262580978937856,Greater Swiss Mountain Dog,0.519428
429,674265582246694913,None,0.0
430,674269164442398721,Pug,0.6229210000000001
431,674271431610523648,German Shepherd,0.991454
432,674291837063053312,Cardigan,0.611525
433,674318007229923329,None,0.0
434,674372068062928900,None,0.0
435,674394782723014656,Lakeland Terrier,0.109099
436,674410619106390016,Beagle,0.0194268
437,674416750885273600,Chihuahua,0.28720100000000004
438,674422304705744896,Golden Retriever,0.964497
439,674436901579923456,Shih-Tzu,0.105416
440,674447403907457024,Brabancon Griffon,0.409909
441,674468880899788800,Chow,0.52623
442,674632714662858753,None,0.0
443,674638615994089473,Pomeranian,0.846986
444,674644256330530816,Basset,0.335692
445,674646392044941312,Flat-Coated Retriever,0.837448
446,674664755118911488,None,0.0
447,674670581682434048,Malamute,0.180079
448,674690135443775488,None,0.0
449,674737130913071104,Pomeranian,0.948537
450,674739953134403584,Dandie Dinmont,0.17591500000000002
451,674743008475090944,Bernese Mountain Dog,0.583054
452,674752233200820224,Vizsla,0.665516
453,674754018082705410,None,0.0
454,674764817387900928,Samoyed,0.634695
455,674767892831932416,None,0.0
456,674774481756377088,Chihuahua,0.407016
457,674781762103414784,None,0.0
458,674788554665512960,Miniature Poodle,0.349561
459,674790488185167872,Labrador Retriever,0.8019029999999999
460,674793399141146624,Giant Schnauzer,0.119693
461,674800520222154752,Pembroke,0.8764790000000001
462,674805413498527744,English Springer,0.594467
463,674999807681908736,Rottweiler,0.591829
464,675003128568291329,Pembroke,0.655279
465,675006312288268288,Boxer,0.654697
466,675015141583413248,Golden Retriever,0.258372
467,675047298674663426,Samoyed,0.978007
468,675109292475830276,Dalmatian,0.989519
469,675111688094527488,Labrador Retriever,0.631501
470,675113801096802304,None,0.0
471,675135153782571009,None,0.0
472,675145476954566656,Labrador Retriever,0.458746
473,675146535592706048,Cardigan,0.229944
474,675147105808306176,Golden Retriever,0.949215
475,675149409102012420,Chow,0.999876
476,675153376133427200,None,0.0
477,675166823650848770,Standard Poodle,0.132569
478,675334060156301312,Pembroke,0.773135
479,675349384339542016,Borzoi,0.866367
480,675354435921575936,Golden Retriever,0.181351
481,675362609739206656,Labrador Retriever,0.479008
482,675372240448454658,Chihuahua,0.4163850000000001
483,675432746517426176,Labrador Retriever,0.986548
484,675483430902214656,None,0.0
485,675489971617296384,West Highland White Terrier,0.139613
486,675497103322386432,Vizsla,0.5195890000000001
487,675501075957489664,None,0.0
488,675517828909424640,Scottish Deerhound,0.240591
489,675522403582218240,Cocker Spaniel,0.299708
490,675531475945709568,Pembroke,0.918441
491,675534494439489536,Chow,0.749368
492,675706639471788032,English Springer,0.9903
493,675707330206547968,Staffordshire Bullterrier,0.0593442
494,675710890956750848,Standard Schnauzer,0.4414270000000001
495,675740360753160193,Golden Retriever,0.800495
496,675781562965868544,Maltese Dog,0.921968
497,675798442703122432,Beagle,0.681218
498,675820929667219457,Basset,0.556373
499,675822767435051008,Pomeranian,0.4607100000000001
500,675845657354215424,Pug,0.8839520000000001
501,675853064436391936,Labrador Retriever,0.868367
502,675870721063669760,Golden Retriever,0.263892
503,675878199931371520,Cardigan,0.0436271
504,675888385639251968,West Highland White Terrier,0.672117
505,675891555769696257,Italian Greyhound,0.305637
506,675898130735476737,Labrador Retriever,0.40743
507,676089483918516224,Bull Mastiff,0.743808
508,676098748976615425,None,0.0
509,676101918813499392,Shih-Tzu,0.225848
510,676146341966438401,Irish Water Spaniel,0.388332
511,676191832485810177,Chihuahua,0.376741
512,676215927814406144,None,0.0
513,676219687039057920,Whippet,0.000132464
514,676237365392908289,French Bulldog,0.961996
515,676263575653122048,Toy Poodle,0.0980293
516,676430933382295552,Golden Retriever,0.583875
517,676440007570247681,Maltese Dog,0.579472
518,676470639084101634,Golden Retriever,0.7903859999999999
519,676496375194980353,Pug,0.985387
520,676533798876651520,Chow,0.26527399999999995
521,676575501977128964,Yorkshire Terrier,0.0731443
522,676582956622721024,Boston Bull,0.196307
523,676588346097852417,Boston Bull,0.976577
524,676603393314578432,Whippet,0.8770209999999999
525,676606785097199616,Malinois,0.1423
526,676613908052996102,Doberman,0.0964228
527,676617503762681856,Chihuahua,0.841084
528,676776431406465024,None,0.0
529,676811746707918848,Chihuahua,0.440916
530,676819651066732545,Labrador Retriever,0.0394646
531,676821958043033607,Great Pyrenees,0.8698040000000001
532,676864501615042560,Chesapeake Bay Retriever,0.371146
533,676897532954456065,None,0.0
534,676936541936185344,Chesapeake Bay Retriever,0.5452859999999999
535,676942428000112642,None,0.0
536,676946864479084545,Pekinese,0.752707
537,676948236477857792,None,0.0
538,676949632774234114,Welsh Springer Spaniel,0.206479
539,676957860086095872,Labrador Retriever,0.772423
540,676975532580409345,Malamute,0.363257
541,677187300187611136,English Setter,0.282396
542,677228873407442944,None,0.0
543,677269281705472000,Shetland Sheepdog,0.656616
544,677301033169788928,Japanese Spaniel,0.6611779999999999
545,677314812125323265,Blenheim Spaniel,0.924127
546,677328882937298944,Kelpie,0.0290541
547,677331501395156992,Beagle,0.313464
548,677334615166730240,Lakeland Terrier,0.859392
549,677530072887205888,Staffordshire Bullterrier,0.6892590000000001
550,677547928504967168,American Staffordshire Terrier,0.914978
551,677557565589463040,Shih-Tzu,0.249017
552,677565715327688705,Basset,0.397295
553,677573743309385728,None,0.0
554,677644091929329666,Chihuahua,0.626236
555,677662372920729601,None,0.0
556,677673981332312066,Maltese Dog,0.817908
557,677687604918272002,Pembroke,0.573047
558,677698403548192770,Shih-Tzu,0.916645
559,677700003327029250,Siberian Husky,0.120849
560,677716515794329600,Chow,0.0254378
561,677895101218201600,Dalmatian,0.550702
562,677918531514703872,Eskimo Dog,0.199347
563,678021115718029313,Miniature Pinscher,0.822048
564,678255464182861824,Chihuahua,0.613819
565,678278586130948096,Maltese Dog,0.897841
566,678334497360859136,Norfolk Terrier,0.378643
567,678341075375947776,Golden Retriever,0.853284
568,678380236862578688,Samoyed,0.0476014
569,678389028614488064,Miniature Pinscher,0.516284
570,678396796259975168,Pembroke,0.95618
571,678399652199309312,Bedlington Terrier,0.0150472
572,678410210315247616,Schipperke,0.145877
573,678424312106393600,Maltese Dog,0.759945
574,678446151570427904,Staffordshire Bullterrier,0.284492
575,678643457146150913,Labrador Retriever,0.33875700000000003
576,678675843183484930,None,0.0
577,678740035362037760,Beagle,0.0225251
578,678755239630127104,Malamute,0.606654
579,678764513869611008,Irish Terrier,0.696646
580,678767140346941444,None,0.0
581,678774928607469569,Pembroke,0.194681
582,678798276842360832,Airedale,0.583122
583,678800283649069056,Labrador Retriever,0.213673
584,678969228704284672,Labrador Retriever,0.680251
585,678991772295516161,Eskimo Dog,0.330216
586,679047485189439488,Golden Retriever,0.00293035
587,679062614270468097,Schipperke,0.0455186
588,679111216690831360,Kelpie,0.189423
589,679132435750195208,Scottish Deerhound,0.19461
590,679148763231985668,Italian Greyhound,0.302685
591,679158373988876288,Pug,0.27220500000000003
592,679462823135686656,Toy Poodle,0.62178
593,679475951516934144,Maltese Dog,0.145742
594,679503373272485890,None,0.0
595,679511351870550016,Chihuahua,0.761972
596,679527802031484928,None,0.0
597,679530280114372609,Dalmatian,0.750256
598,679722016581222400,Boxer,0.459604
599,679729593985699840,West Highland White Terrier,0.0935148
600,679736210798047232,French Bulldog,0.319139
601,679777920601223168,Bloodhound,0.5288189999999999
602,679828447187857408,Chihuahua,0.346545
603,679844490799091713,Airedale,0.903832
604,679854723806179328,Chow,0.00230739
605,679862121895714818,Entlebucher,0.5232060000000001
606,679877062409191424,None,0.0
607,680055455951884288,Samoyed,0.995466
608,680070545539371008,Shih-Tzu,0.121811
609,680085611152338944,None,0.0
610,680100725817409536,Golden Retriever,0.6989609999999999
611,680115823365742593,Pug,0.999365
612,680130881361686529,Maltese Dog,0.199121
613,680145970311643136,Miniature Poodle,0.457117
614,680161097740095489,Bluetick,0.268681
615,680176173301628928,None,0.0
616,680191257256136705,Brittany Spaniel,0.7332529999999999
617,680206703334408192,None,0.0
618,680221482581123072,None,0.0
619,680440374763077632,None,0.0
620,680473011644985345,Lakeland Terrier,0.796694
621,680494726643068929,Kuvasz,0.438627
622,680497766108381184,Chihuahua,0.538354
623,680583894916304897,None,0.0
624,680609293079592961,French Bulldog,0.700764
625,680798457301471234,None,0.0
626,680801747103793152,Pug,0.99672
627,680836378243002368,Pembroke,0.427781
628,680889648562991104,Shetland Sheepdog,0.876337
629,680913438424612864,Pomeranian,0.615678
630,680934982542561280,Labrador Retriever,0.7843979999999999
631,680940246314430465,Soft-Coated Wheaten Terrier,0.289598
632,680959110691590145,Pug,0.0443565
633,680970795137544192,Pug,0.713102
634,681193455364796417,Pomeranian,0.992619
635,681231109724700672,Irish Setter,0.406047
636,681242418453299201,None,0.0
637,681261549936340994,Tibetan Terrier,0.382101
638,681281657291280384,Saint Bernard,0.99883
639,681297372102656000,Lhasa,0.482401
640,681302363064414209,None,0.0
641,681320187870711809,Samoyed,0.362596
642,681339448655802368,Labrador Retriever,0.0946149
643,681523177663676416,Norfolk Terrier,0.205067
644,681579835668455424,Rottweiler,0.760671
645,681610798867845120,Toy Poodle,0.8217040000000001
646,681654059175129088,Pomeranian,0.800538
647,681679526984871937,None,0.0
648,681694085539872773,Toy Poodle,0.920992
649,681891461017812993,Chihuahua,0.20357
650,681981167097122816,Labrador Retriever,0.4525770000000001
651,682003177596559360,None,0.0
652,682032003584274432,Schipperke,0.997953
653,682047327939461121,None,0.0
654,682059653698686977,None,0.0
655,682242692827447297,None,0.0
656,682259524040966145,Siberian Husky,0.43967
657,682303737705140231,Lakeland Terrier,0.00173092
658,682389078323662849,Curly-Coated Retriever,0.482288
659,682393905736888321,Vizsla,0.657275
660,682406705142087680,None,0.0
661,682429480204398592,Whippet,0.594701
662,682638830361513985,English Springer,0.440781
663,682662431982772225,Beagle,0.413824
664,682697186228989953,None,0.0
665,682750546109968385,English Setter,0.947198
666,682788441537560576,None,0.0
667,682962037429899265,Chihuahua,0.15520699999999998
668,683030066213818368,Boxer,0.722218
669,683078886620553216,Eskimo Dog,0.0940442
670,683098815881154561,Golden Retriever,0.889848
671,683111407806746624,Cocker Spaniel,0.901392
672,683142553609318400,Leonberg,0.605851
673,683357973142474752,Pembroke,0.406509
674,683391852557561860,French Bulldog,0.992833
675,683449695444799489,Lakeland Terrier,0.303512
676,683462770029932544,Italian Greyhound,0.39956
677,683481228088049664,Keeshond,0.508951
678,683498322573824003,Airedale,0.945362
679,683742671509258241,Pembroke,0.895279
680,683773439333797890,Miniature Pinscher,0.0728852
681,683828599284170753,Malamute,0.577376
682,683834909291606017,Maltese Dog,0.738449
683,683849932751646720,Mexican Hairless,0.164906
684,683852578183077888,Toy Poodle,0.5513520000000001
685,683857920510050305,Bluetick,0.174738
686,684097758874210310,Labrador Retriever,0.6278560000000001
687,684122891630342144,None,0.0
688,684177701129875456,Chow,0.334783
689,684188786104872960,Kelpie,0.537782
690,684195085588783105,Chihuahua,0.379365
691,684200372118904832,None,0.0
692,684222868335505415,Soft-Coated Wheaten Terrier,0.7911819999999999
693,684225744407494656,Golden Retriever,0.203249
694,684241637099323392,Pembroke,0.508498
695,684460069371654144,Labrador Retriever,0.673691
696,684481074559381504,Chihuahua,0.93781
697,684538444857667585,Chihuahua,0.702583
698,684567543613382656,None,0.0
699,684594889858887680,Weimaraner,0.948688
700,684800227459624960,Miniature Schnauzer,0.294457
701,684880619965411328,None,0.0
702,684902183876321280,Pembroke,0.708034
703,684914660081053696,Chow,0.261288
704,684926975086034944,Labrador Retriever,0.769412
705,684940049151070208,Border Collie,0.665578
706,684959798585110529,None,0.0
707,685169283572338688,Bernese Mountain Dog,0.975096
708,685198997565345792,Old English Sheepdog,0.00967138
709,685268753634967552,Pug,0.999044
710,685307451701334016,Pomeranian,0.963176
711,685315239903100929,Chow,0.470162
712,685321586178670592,Boston Bull,0.972483
713,685325112850124800,Golden Retriever,0.586937
714,685532292383666176,Collie,0.0958052
715,685547936038666240,None,0.0
716,685641971164143616,Lakeland Terrier,0.253839
717,685663452032069632,Chesapeake Bay Retriever,0.171174
718,685667379192414208,None,0.0
719,685906723014619143,Yorkshire Terrier,0.414963
720,685943807276412928,Papillon,0.200812
721,685973236358713344,Siberian Husky,0.450678
722,686003207160610816,None,0.0
723,686007916130873345,Rhodesian Ridgeback,0.885301
724,686034024800862208,Great Dane,0.23692
725,686050296934563840,Pomeranian,0.985789
726,686358356425093120,Pug,0.985237
727,686377065986265092,German Shepherd,0.830816
728,686386521809772549,Yorkshire Terrier,0.477704
729,686606069955735556,Labrador Retriever,0.320012
730,686618349602762752,Rottweiler,0.441331
731,686683045143953408,Norwich Terrier,0.100499
732,686730991906516992,Tibetan Mastiff,0.338812
733,686749460672679938,None,0.0
734,686947101016735744,None,0.0
735,687096057537363968,Labrador Retriever,0.417107
736,687102708889812993,None,0.0
737,687109925361856513,Borzoi,0.883086
738,687124485711986689,Beagle,0.000216206
739,687127927494963200,Pug,0.178205
740,687312378585812992,Great Dane,0.139909
741,687317306314240000,Shih-Tzu,0.747208
742,687460506001633280,Boston Bull,0.223366
743,687476254459715584,None,0.0
744,687480748861947905,English Springer,0.472273
745,687494652870668288,Rottweiler,0.391471
746,687664829264453632,Pug,0.957365
747,687704180304273409,Miniature Pinscher,0.956063
748,687807801670897665,Staffordshire Bullterrier,0.151113
749,687818504314159109,Lakeland Terrier,0.873029
750,687826841265172480,Pomeranian,0.99721
751,688064179421470721,Eskimo Dog,0.240602
752,688116655151435777,Pug,0.973819
753,688179443353796608,None,0.0
754,688211956440801280,None,0.0
755,688385280030670848,Golden Retriever,0.900437
756,688519176466644993,Pembroke,0.696372
757,688547210804498433,Papillon,0.531279
758,688789766343622656,American Staffordshire Terrier,0.5996600000000001
759,688804835492233216,Malinois,0.199512
760,688828561667567616,Cardigan,0.6142310000000001
761,688894073864884227,None,0.0
762,688898160958271489,Ibizan Hound,0.8531700000000001
763,688908934925697024,None,0.0
764,688916208532455424,Pembroke,0.430544
765,689143371370250240,English Springer,0.303781
766,689154315265683456,Cocker Spaniel,0.816044
767,689275259254616065,American Staffordshire Terrier,0.215161
768,689280876073582592,Chihuahua,0.6375460000000001
769,689283819090870273,Scotch Terrier,0.267979
770,689289219123089408,None,0.0
771,689517482558820352,Pembroke,0.799319
772,689557536375177216,Eskimo Dog,0.169482
773,689599056876867584,Cocker Spaniel,0.07310139999999997
774,689623661272240129,Toy Poodle,0.279604
775,689659372465688576,None,0.0
776,689661964914655233,Italian Greyhound,0.322818
777,689835978131935233,Collie,0.600186
778,689877686181715968,Old English Sheepdog,0.26915500000000003
779,689905486972461056,Pomeranian,0.943331
780,689977555533848577,Labrador Retriever,0.179625
781,689999384604450816,Standard Poodle,0.444499
782,690005060500217858,Samoyed,0.270287
783,690015576308211712,Malamute,0.949609
784,690021994562220032,Malamute,0.0406958
785,690248561355657216,None,0.0
786,690360449368465409,Pug,0.686933
787,690374419777196032,Kuvasz,0.286345
788,690400367696297985,Pembroke,0.426459
789,690597161306841088,Lhasa,0.0974997
790,690649993829576704,Mexican Hairless,0.0981708
791,690690673629138944,Maltese Dog,0.08962460000000001
792,690728923253055490,Kuvasz,0.422806
793,690735892932222976,Golden Retriever,0.883229
794,690932576555528194,None,0.0
795,690938899477221376,None,0.0
796,690959652130045952,Golden Retriever,0.862964
797,691090071332753408,None,0.0
798,691096613310316544,Borzoi,0.441269
799,691321916024623104,Rottweiler,0.508981
800,691416866452082688,Lakeland Terrier,0.530104
801,691444869282295808,Bernese Mountain Dog,0.767563
802,691459709405118465,Shetland Sheepdog,0.5512060000000001
803,691483041324204033,Bloodhound,0.886232
804,691675652215414786,Chihuahua,0.182898
805,691756958957883396,Saint Bernard,0.342571
806,691820333922455552,None,0.0
807,692017291282812928,Tibetan Terrier,0.247565
808,692142790915014657,Toy Poodle,0.670068
809,692158366030913536,Pug,0.956565
810,692187005137076224,Siberian Husky,0.810592
811,692417313023332352,None,0.0
812,692530551048294401,Siberian Husky,0.486428
813,692535307825213440,Pug,0.41309
814,692568918515392513,Golden Retriever,0.636845
815,692752401762250755,Samoyed,0.471276
816,692828166163931137,Samoyed,0.985857
817,692894228850999298,German Short-Haired Pointer,0.876977
818,692901601640583168,Soft-Coated Wheaten Terrier,0.403496
819,692905862751522816,Mexican Hairless,0.162638
820,692919143163629568,Saint Bernard,0.612635
821,693095443459342336,Yorkshire Terrier,0.033487800000000005
822,693109034023534592,Cocker Spaniel,0.740013
823,693155686491000832,Shih-Tzu,0.69748
824,693231807727280129,Vizsla,0.8764129999999999
825,693262851218264065,Golden Retriever,0.989333
826,693280720173801472,Labrador Retriever,0.340008
827,693486665285931008,None,0.0
828,693590843962331137,None,0.0
829,693622659251335168,Malamute,0.449298
830,693629975228977152,Pug,0.841987
831,693642232151285760,Scottish Deerhound,0.111893
832,693647888581312512,None,0.0
833,693942351086120961,Groenendael,0.550796
834,694001791655137281,Pembroke,0.769999
835,694183373896572928,Pekinese,0.08087000000000001
836,694206574471057408,Shih-Tzu,0.352547
837,694329668942569472,Boxer,0.99006
838,694352839993344000,Australian Terrier,0.407886
839,694356675654983680,Pomeranian,0.144272
840,694669722378485760,None,0.0
841,694905863685980160,None,0.0
842,695051054296211456,Boston Bull,0.761454
843,695064344191721472,None,0.0
844,695074328191332352,Shih-Tzu,0.5101060000000001
845,695095422348574720,Papillon,0.227784
846,695314793360662529,Maltese Dog,0.678547
847,695409464418041856,Pug,0.997445
848,695446424020918272,Basenji,0.748904
849,695629776980148225,Old English Sheepdog,0.693857
850,695767669421768709,Soft-Coated Wheaten Terrier,0.805139
851,695794761660297217,Samoyed,0.962139
852,695816827381944320,Pomeranian,0.382234
853,696405997980676096,Borzoi,0.132845
854,696488710901260288,Briard,0.369063
855,696713835009417216,Chesapeake Bay Retriever,0.321589
856,696754882863349760,Toy Poodle,0.0983781
857,696877980375769088,None,0.0
858,696886256886657024,Kuvasz,0.383941
859,696894894812565505,Appenzeller,0.665628
860,696900204696625153,Chihuahua,0.297735
861,697242256848379904,Eskimo Dog,0.0635328
862,697255105972801536,Great Dane,0.173989
863,697259378236399616,Great Dane,0.999223
864,697270446429966336,Toy Poodle,0.880014
865,697463031882764288,Labrador Retriever,0.999885
866,697482927769255936,None,0.0
867,697575480820686848,Whippet,0.119805
868,697596423848730625,Shetland Sheepdog,0.621668
869,697616773278015490,Lhasa,0.521931
870,697881462549430272,None,0.0
871,697943111201378304,Great Dane,0.126924
872,697990423684476929,Pembroke,0.984783
873,697995514407682048,Staffordshire Bullterrier,0.280222
874,698178924120031232,Chesapeake Bay Retriever,0.351868
875,698195409219559425,Labrador Retriever,0.64369
876,698262614669991936,Italian Greyhound,0.107948
877,698342080612007937,Boxer,0.8830479999999999
878,698355670425473025,Pug,0.990191
879,698549713696649216,French Bulldog,0.998544
880,698635131305795584,Samoyed,0.15846400000000002
881,698703483621523456,Brittany Spaniel,0.931963
882,698710712454139905,Samoyed,0.329895
883,698907974262222848,German Short-Haired Pointer,0.983131
884,698953797952008193,Italian Greyhound,0.382378
885,698989035503689728,Norfolk Terrier,0.24634
886,699036661657767936,Chihuahua,0.222943
887,699072405256409088,Shih-Tzu,0.599587
888,699079609774645248,Schipperke,0.667324
889,699088579889332224,None,0.0
890,699323444782047232,Labrador Retriever,0.309696
891,699370870310113280,Cairn,0.337557
892,699413908797464576,Samoyed,0.517479
893,699423671849451520,Pug,0.99786
894,699434518667751424,Golden Retriever,0.836572
895,699446877801091073,Pembroke,0.9694
896,699691744225525762,None,0.0
897,699775878809702401,Dandie Dinmont,0.271683
898,699779630832685056,Malinois,0.706038
899,699788877217865730,Border Terrier,0.35506
900,699801817392291840,Golden Retriever,0.808978
901,700002074055016451,Chihuahua,0.369488
902,700029284593901568,West Highland White Terrier,0.726571
903,700062718104104960,None,0.0
904,700143752053182464,Golden Retriever,0.53246
905,700151421916807169,Italian Greyhound,0.17683800000000002
906,700167517596164096,Beagle,0.16258499999999998
907,700462010979500032,Pomeranian,0.110268
908,700505138482569216,Norwegian Elkhound,0.160205
909,700518061187723268,American Staffordshire Terrier,0.569501
910,700747788515020802,Great Pyrenees,0.481333
911,700796979434098688,None,0.0
912,700847567345688576,Rhodesian Ridgeback,0.252514
913,700864154249383937,Kuvasz,0.8058569999999999
914,700890391244103680,Schipperke,0.122356
915,701214700881756160,Chihuahua,0.615163
916,701545186879471618,Border Collie,0.280893
917,701570477911896070,Yorkshire Terrier,0.90799
918,701601587219795968,Chihuahua,0.993661
919,701889187134500865,French Bulldog,0.902856
920,701952816642965504,Toy Poodle,0.33170700000000003
921,701981390485725185,Pomeranian,0.491022
922,702217446468493312,Golden Retriever,0.242419
923,702276748847800320,Boston Bull,0.697303
924,702321140488925184,West Highland White Terrier,0.769159
925,702539513671897089,Pomeranian,0.714367
926,702598099714314240,Kelpie,0.219179
927,702671118226825216,Bloodhound,0.381227
928,702684942141153280,Golden Retriever,0.514085
929,702932127499816960,None,0.0
930,703041949650034688,None,0.0
931,703079050210877440,Pembroke,0.778503
932,703268521220972544,Kuvasz,0.038243
933,703356393781329922,Border Collie,0.894842
934,703382836347330562,Golden Retriever,0.945664
935,703407252292673536,None,0.0
936,703425003149250560,Miniature Pinscher,0.292866
937,703611486317502464,Pembroke,0.756441
938,703631701117943808,None,0.0
939,703769065844768768,Boxer,0.838994
940,703774238772166656,Labrador Retriever,0.990119
941,704054845121142784,Great Pyrenees,0.6679390000000001
942,704113298707505153,None,0.0
943,704347321748819968,Brittany Spaniel,0.0829173
944,704364645503647744,Pembroke,0.980695
945,704480331685040129,Samoyed,0.979206
946,704499785726889984,Chihuahua,0.376541
947,704761120771465216,Chihuahua,0.100418
948,704819833553219584,None,0.0
949,704847917308362754,Golden Retriever,0.85724
950,704859558691414016,Pug,0.284428
951,704871453724954624,Norfolk Terrier,0.689504
952,705066031337840642,Airedale,0.868658
953,705102439679201280,Collie,0.457672
954,705223444686888960,Chesapeake Bay Retriever,0.0773733
955,705239209544720384,Chihuahua,0.15795
956,705428427625635840,Chihuahua,0.774792
957,705442520700944385,Great Pyrenees,0.309106
958,705475953783398401,Golden Retriever,0.908784
959,705591895322394625,Basenji,0.877207
960,705786532653883392,Labrador Retriever,0.14849600000000002
961,705898680587526145,Collie,0.808276
962,705970349788291072,Golden Retriever,0.776346
963,705975130514706432,Staffordshire Bullterrier,0.5877640000000001
964,706166467411222528,Samoyed,0.430418
965,706265994973601792,Papillon,0.743715
966,706291001778950144,Border Terrier,0.587101
967,706310011488698368,Pembroke,0.6981649999999999
968,706346369204748288,Tibetan Mastiff,0.956462
969,706516534877929472,Golden Retriever,0.7726850000000001
970,706538006853918722,Chow,0.541794
971,706593038911545345,None,0.0
972,706644897839910912,Chihuahua,0.132928
973,706681918348251136,Toy Poodle,0.717584
974,706901761596989440,None,0.0
975,707014260413456384,Chihuahua,0.58378
976,707021089608753152,Cocker Spaniel,0.559658
977,707038192327901184,Pug,0.642426
978,707059547140169728,Samoyed,0.8973120000000001
979,707297311098011648,Blenheim Spaniel,0.370717
980,707315916783140866,Bernese Mountain Dog,0.979235
981,707377100785885184,Golden Retriever,0.637225
982,707387676719185920,Chihuahua,0.888468
983,707411934438625280,Lakeland Terrier,0.7382770000000001
984,707420581654872064,Kuvasz,0.149391
985,707610948723478529,Golden Retriever,0.383223
986,707693576495472641,None,0.0
987,707741517457260545,Whippet,0.738371
988,707776935007539200,Miniature Pinscher,0.890426
989,707969809498152960,Toy Poodle,0.908491
990,707995814724026368,None,0.0
991,708026248782585858,Malinois,0.7864680000000001
992,708109389455101952,Staffordshire Bullterrier,0.5161060000000001
993,708119489313951744,Norwich Terrier,0.264483
994,708130923141795840,French Bulldog,0.710354
995,708149363256774660,Cardigan,0.350993
996,708349470027751425,Basenji,0.187158
997,708356463048204288,Pug,0.871283
998,708469915515297792,Chihuahua,0.748163
999,708479650088034305,Shih-Tzu,0.218479
1000,708711088997666817,German Short-Haired Pointer,0.0526946
1001,708738143638450176,Pomeranian,0.933457
1002,708810915978854401,Golden Retriever,0.976139
1003,708834316713893888,Eskimo Dog,0.283945
1004,708845821941387268,Schipperke,0.74564
1005,709042156699303936,Rottweiler,0.0681793
1006,709158332880297985,Siberian Husky,0.212957
1007,709198395643068416,Borzoi,0.490783
1008,709207347839836162,Chihuahua,0.948323
1009,709225125749587968,Labrador Retriever,0.271109
1010,709409458133323776,Shetland Sheepdog,0.79745
1011,709449600415961088,Maltese Dog,0.780187
1012,709519240576036864,Cocker Spaniel,0.414982
1013,709556954897764353,Golden Retriever,0.790026
1014,709566166965075968,Chow,0.999837
1015,709852847387627521,Chihuahua,0.945629
1016,709901256215666688,None,0.0
1017,709918798883774466,Pembroke,0.956222
1018,710117014656950272,Toy Poodle,0.802092
1019,710140971284037632,Pekinese,0.95317
1020,710153181850935296,Cocker Spaniel,0.00271296
1021,710269109699739648,Pug,0.415495
1022,710272297844797440,Old English Sheepdog,0.586307
1023,710283270106132480,Shih-Tzu,0.932401
1024,710588934686908417,Pembroke,0.982004
1025,710658690886586372,Soft-Coated Wheaten Terrier,0.948617
1026,710833117892898816,Pembroke,0.803742
1027,710844581445812225,Pembroke,0.200407
1028,710997087345876993,Malamute,0.28126
1029,711008018775851008,French Bulldog,0.731405
1030,711306686208872448,Dandie Dinmont,0.0867925
1031,711363825979756544,Pembroke,0.7509060000000001
1032,711652651650457602,None,0.0
1033,711694788429553666,None,0.0
1034,711732680602345472,Ibizan Hound,0.334929
1035,711743778164514816,Lakeland Terrier,0.459515
1036,711968124745228288,None,0.0
1037,711998809858043904,Kuvasz,0.0598951
1038,712065007010385924,None,0.0
1039,712085617388212225,Shih-Tzu,0.625129
1040,712092745624633345,None,0.0
1041,712097430750289920,Labrador Retriever,0.720481
1042,712438159032893441,Great Pyrenees,0.069457
1043,712668654853337088,Labrador Retriever,0.829058
1044,712717840512598017,Great Pyrenees,0.732043
1045,712809025985978368,Labrador Retriever,0.8686709999999999
1046,713175907180089344,Malamute,0.430624
1047,713177543487135744,Whippet,0.734244
1048,713411074226274305,Great Pyrenees,0.720337
1049,713761197720473600,Brittany Spaniel,0.797936
1050,713900603437621249,Golden Retriever,0.371816
1051,713919462244790272,Siberian Husky,0.463223
1052,714141408463036416,Labrador Retriever,0.586951
1053,714214115368108032,Pug,0.533967
1054,714251586676113411,Soft-Coated Wheaten Terrier,0.751962
1055,714258258790387713,Collie,0.176758
1056,714606013974974464,Norfolk Terrier,0.293007
1057,714631576617938945,None,0.0
1058,714957620017307648,Great Pyrenees,0.251516
1059,714982300363173890,Brittany Spaniel,0.944376
1060,715009755312439296,Chihuahua,0.142288
1061,715200624753819648,Chihuahua,0.956787
1062,715220193576927233,Chihuahua,0.584026
1063,715342466308784130,West Highland White Terrier,0.597111
1064,715360349751484417,None,0.0
1065,715680795826982913,Golden Retriever,0.990715
1066,715696743237730304,Staffordshire Bullterrier,0.427836
1067,715733265223708672,Dandie Dinmont,0.740229
1068,715928423106027520,Pug,0.976685
1069,716080869887381504,Golden Retriever,0.638625
1070,716285507865542656,Yorkshire Terrier,0.43042
1071,716439118184652801,Siberian Husky,0.396495
1072,716791146589110272,Pomeranian,0.468751
1073,716802964044845056,Malinois,0.619577
1074,717009362452090881,Siberian Husky,0.506154
1075,717047459982213120,Golden Retriever,0.983548
1076,717421804990701568,Miniature Pinscher,0.286479
1077,717537687239008257,Golden Retriever,0.779356
1078,717790033953034240,None,0.0
1079,717841801130979328,Brittany Spaniel,0.922876
1080,718234618122661888,Malamute,0.370152
1081,718246886998687744,Chihuahua,0.354488
1082,718454725339934721,None,0.0
1083,718460005985447936,Boston Bull,0.252781
1084,718540630683709445,Maltese Dog,0.632289
1085,718613305783398402,Labrador Retriever,0.58458
1086,718631497683582976,Pomeranian,0.993718
1087,718939241951195136,Pembroke,0.7663270000000001
1088,718971898235854848,Golden Retriever,0.14039400000000002
1089,719332531645071360,Dandie Dinmont,0.224415
1090,719339463458033665,Golden Retriever,0.765778
1091,719367763014393856,Soft-Coated Wheaten Terrier,0.050971
1092,719551379208073216,Malamute,0.873233
1093,719704490224398336,None,0.0
1094,719991154352222208,Golden Retriever,0.605304
1095,720043174954147842,Samoyed,0.954517
1096,720059472081784833,Mexican Hairless,0.451852
1097,720340705894408192,None,0.0
1098,720389942216527872,Pembroke,0.873977
1099,720415127506415616,Rottweiler,0.990312
1100,720775346191278080,Newfoundland,0.48997
1101,720785406564900865,Chihuahua,0.8964219999999999
1102,721001180231503872,Samoyed,0.950053
1103,721503162398597120,Pomeranian,0.99775
1104,722613351520608256,Labrador Retriever,0.5309149999999999
1105,722974582966214656,Great Dane,0.246762
1106,723179728551723008,Norwegian Elkhound,0.0568505
1107,723673163800948736,Golden Retriever,0.83939
1108,723688335806480385,Chow,0.0890102
1109,723912936180330496,Samoyed,0.991772
1110,724004602748780546,Pug,0.0188769
1111,724046343203856385,Boxer,0.8262719999999999
1112,724049859469295616,Border Collie,0.581835
1113,724405726123311104,Golden Retriever,0.240695
1114,724771698126512129,German Short-Haired Pointer,0.835491
1115,724983749226668032,Golden Retriever,0.67575
1116,725729321944506368,Boxer,0.599076
1117,725786712245440512,Chow,0.33576100000000003
1118,725842289046749185,Toy Poodle,0.420463
1119,726224900189511680,Standard Poodle,0.261112
1120,726828223124897792,Miniature Pinscher,0.255327
1121,726887082820554753,Soft-Coated Wheaten Terrier,0.5159189999999999
1122,726935089318363137,Toy Poodle,0.083749
1123,727175381690781696,Flat-Coated Retriever,0.656463
1124,727286334147182592,Chihuahua,0.0705542
1125,727314416056803329,Toy Poodle,0.827469
1126,727524757080539137,Pomeranian,0.958834
1127,727644517743104000,Great Pyrenees,0.457164
1128,727685679342333952,Border Collie,0.462408
1129,728015554473250816,Cocker Spaniel,0.384559
1130,728035342121635841,Pomeranian,0.248664
1131,728046963732717569,Newfoundland,0.255971
1132,728387165835677696,Collie,0.266414
1133,728409960103686147,Saint Bernard,0.0942456
1134,728653952833728512,None,0.0
1135,728751179681943552,Saint Bernard,0.48205
1136,728760639972315136,Pembroke,0.939134
1137,728986383096946689,Maltese Dog,0.95207
1138,729113531270991872,None,0.0
1139,729463711119904772,German Shepherd,0.829307
1140,729823566028484608,Kelpie,0.218408
1141,729838605770891264,None,0.0
1142,729854734790754305,None,0.0
1143,730196704625098752,None,0.0
1144,730211855403241472,Pug,0.341663
1145,730427201120833536,Eskimo Dog,0.682082
1146,730573383004487680,American Staffordshire Terrier,0.810158
1147,730924654643314689,Newfoundland,0.0862411
1148,731156023742988288,None,0.0
1149,731285275100512256,Pembroke,0.967103
1150,732005617171337216,English Setter,0.677408
1151,732375214819057664,Basset,0.000547053
1152,732585889486888962,Staffordshire Bullterrier,0.843359
1153,732726085725589504,Pomeranian,0.961902
1154,732732193018155009,Staffordshire Bullterrier,0.127969
1155,733109485275860992,Golden Retriever,0.945523
1156,733460102733135873,Chow,0.931275
1157,733482008106668032,French Bulldog,0.619382
1158,733822306246479872,Lhasa,0.457356
1159,733828123016450049,Beagle,0.472324
1160,734776360183431168,Siberian Husky,0.304902
1161,734787690684657664,Golden Retriever,0.883991
1162,734912297295085568,Maltese Dog,0.847292
1163,735137028879360001,Walker Hound,0.413535
1164,735256018284875776,Staffordshire Bullterrier,0.523191
1165,735274964362878976,None,0.0
1166,735635087207878657,Pug,0.8918709999999999
1167,735648611367784448,Pembroke,0.462594
1168,735991953473572864,Cocker Spaniel,0.961643
1169,736010884653420544,Golden Retriever,0.553901
1170,736225175608430592,Labrador Retriever,0.399217
1171,736365877722001409,Toy Poodle,0.082606
1172,736736130620620800,Schipperke,0.545502
1173,737310737551491075,None,0.0
1174,737322739594330112,None,0.0
1175,737445876994609152,Samoyed,0.400568
1176,737678689543020544,Pembroke,0.935307
1177,737800304142471168,Malamute,0.374682
1178,737826014890496000,Vizsla,0.990391
1179,738156290900254721,Pug,0.751758
1180,738166403467907072,Keeshond,0.8788860000000001
1181,738184450748633089,Bedlington Terrier,0.289471
1182,738402415918125056,Cocker Spaniel,0.346695
1183,738537504001953792,Chow,0.808737
1184,738883359779196928,Labrador Retriever,0.691137
1185,738885046782832640,American Staffordshire Terrier,0.0155351
1186,739238157791694849,Eskimo Dog,0.503372
1187,739485634323156992,Walker Hound,0.640256
1188,739544079319588864,Labrador Retriever,0.967397
1189,739606147276148736,Blenheim Spaniel,0.933755
1190,739844404073074688,Toy Poodle,0.342397
1191,739932936087216128,Redbone,0.243904
1192,739979191639244800,Irish Water Spaniel,0.2858
1193,740214038584557568,Chesapeake Bay Retriever,0.586414
1194,740359016048689152,Golden Retriever,0.8636870000000001
1195,740365076218183684,None,0.0
1196,740373189193256964,Golden Retriever,0.8076439999999999
1197,740676976021798912,Norwegian Elkhound,0.275225
1198,740699697422163968,None,0.0
1199,740711788199743490,Toy Poodle,0.388277
1200,740995100998766593,Malamute,0.454363
1201,741067306818797568,Golden Retriever,0.843799
1202,741303864243200000,Chihuahua,0.7681560000000001
1203,741438259667034112,Chesapeake Bay Retriever,0.292675
1204,741743634094141440,Labrador Retriever,0.786089
1205,741793263812808706,Kuvasz,0.311325
1206,742150209887731712,French Bulldog,0.07141439999999999
1207,742161199639494656,None,0.0
1208,742385895052087300,Cardigan,0.5669109999999999
1209,742423170473463808,Pug,0.99731
1210,742465774154047488,None,0.0
1211,742528092657332225,None,0.0
1212,743210557239623680,Golden Retriever,0.930705
1213,743222593470234624,Kuvasz,0.350629
1214,743253157753532416,Malamute,0.442612
1215,743510151680958465,None,0.0
1216,743545585370791937,Standard Poodle,0.06058350000000001
1217,743595368194129920,None,0.0
1218,743609206067040256,Weimaraner,0.982794
1219,743895849529389061,Dalmatian,0.562315
1220,743980027717509120,Bull Mastiff,0.97573
1221,744234799360020481,Labrador Retriever,0.825333
1222,744334592493166593,Samoyed,0.960543
1223,744709971296780288,Shetland Sheepdog,0.234431
1224,744971049620602880,Toy Poodle,0.497755
1225,744995568523612160,Old English Sheepdog,0.4274810000000001
1226,745057283344719872,Shetland Sheepdog,0.963985
1227,745314880350101504,None,0.0
1228,745422732645535745,Labrador Retriever,0.6638
1229,745433870967832576,Basset,1.44895e-05
1230,745712589599014916,Chow,0.06275449999999999
1231,745789745784041472,Pekinese,0.984267
1232,746056683365994496,Shetland Sheepdog,0.43332
1233,746131877086527488,Chow,0.575637
1234,746369468511756288,German Shepherd,0.622957
1235,746507379341139972,Toy Poodle,0.508292
1236,746726898085036033,Golden Retriever,0.25650500000000004
1237,746790600704425984,Boston Bull,0.936183
1238,746818907684614144,Ibizan Hound,0.101537
1239,746872823977771008,Pembroke,0.540201
1240,746906459439529985,None,0.0
1241,747103485104099331,Labrador Retriever,0.991954
1242,747204161125646336,None,0.0
1243,747219827526344708,Shetland Sheepdog,0.548018
1244,747461612269887489,None,0.0
1245,747512671126323200,Cardigan,0.111493
1246,747594051852075008,Basenji,0.389136
1247,747600769478692864,Chesapeake Bay Retriever,0.804363
1248,747816857231626240,Pembroke,0.7689229999999999
1249,747844099428986880,Pembroke,0.360428
1250,747885874273214464,Kuvasz,0.40845
1251,747933425676525569,Samoyed,0.998201
1252,747963614829678593,Kelpie,0.307672
1253,748307329658011649,None,0.0
1254,748324050481647620,Shetland Sheepdog,0.880499
1255,748346686624440324,Borzoi,0.5964550000000001
1256,748568946752774144,Tibetan Terrier,0.32816100000000004
1257,748575535303884801,Soft-Coated Wheaten Terrier,0.0864988
1258,748692773788876800,None,0.0
1259,748699167502000129,Pembroke,0.849029
1260,748705597323898880,None,0.0
1261,748932637671223296,Borzoi,0.742912
1262,748977405889503236,German Short-Haired Pointer,0.742216
1263,749036806121881602,West Highland White Terrier,0.0195223
1264,749064354620928000,Pug,0.985222
1265,749317047558017024,Wire-Haired Fox Terrier,0.155144
1266,749395845976588288,Pomeranian,0.973715
1267,749403093750648834,Chesapeake Bay Retriever,0.694541
1268,749417653287129088,Papillon,0.772894
1269,749774190421639168,Pekinese,0.8790120000000001
1270,749981277374128128,None,0.0
1271,749996283729883136,Old English Sheepdog,0.515319
1272,750011400160841729,Boston Bull,0.0871498
1273,750026558547456000,Standard Poodle,0.258732
1274,750041628174217216,Labrador Retriever,0.252031
1275,750056684286914561,Saluki,0.484428
1276,750071704093859840,Redbone,0.382113
1277,750086836815486976,Pug,0.978277
1278,750101899009982464,Golden Retriever,0.316704
1279,750117059602808832,Shih-Tzu,0.814405
1280,750132105863102464,Toy Poodle,0.4780180000000001
1281,750147208377409536,Pug,0.977765
1282,750383411068534784,Border Collie,0.672791
1283,750429297815552001,Golden Retriever,0.964929
1284,750506206503038976,None,0.0
1285,750719632563142656,Pembroke,0.972587
1286,750868782890057730,Toy Poodle,0.912648
1287,751132876104687617,Labrador Retriever,0.92939
1288,751205363882532864,Labrador Retriever,0.947164
1289,751251247299190784,Walker Hound,0.178852
1290,751456908746354688,Golden Retriever,0.714409
1291,751538714308972544,Labrador Retriever,0.516257
1292,751583847268179968,Dalmatian,0.8683040000000001
1293,751598357617971201,Toy Poodle,0.757756
1294,751830394383790080,Chow,0.703569
1295,751937170840121344,Lakeland Terrier,0.4241680000000001
1296,752173152931807232,Labrador Retriever,0.527659
1297,752309394570878976,Golden Retriever,0.181351
1298,752334515931054080,Bedlington Terrier,0.399163
1299,752519690950500352,Labrador Retriever,1.00288e-05
1300,752660715232722944,English Setter,0.0505118
1301,752682090207055872,German Shepherd,0.299966
1302,752917284578922496,German Shepherd,0.609283
1303,753026973505581056,Pembroke,0.868511
1304,753294487569522689,Chow,0.194773
1305,753375668877008896,Bluetick,0.36007100000000003
1306,753398408988139520,Whippet,0.163794
1307,753420520834629632,None,0.0
1308,753655901052166144,Miniature Pinscher,0.456092
1309,754011816964026368,French Bulldog,0.600985
1310,754120377874386944,Chow,0.168909
1311,754449512966619136,Beagle,0.858513
1312,754482103782404096,None,0.0
1313,754747087846248448,None,0.0
1314,754856583969079297,Golden Retriever,0.8723850000000001
1315,754874841593970688,Pug,0.27220500000000003
1316,755110668769038337,Labrador Retriever,0.708974
1317,755206590534418437,None,0.0
1318,755955933503782912,Pekinese,0.596882
1319,756275833623502848,Airedale,0.602957
1320,756288534030475264,French Bulldog,0.032492200000000006
1321,756303284449767430,Golden Retriever,0.981652
1322,756526248105566208,None,0.0
1323,756651752796094464,Pembroke,0.294808
1324,756939218950160384,Golden Retriever,0.790371
1325,756998049151549440,Golden Retriever,0.678555
1326,757354760399941633,Italian Greyhound,0.914667
1327,757393109802180609,Labrador Retriever,0.787125
1328,757400162377592832,Golden Retriever,0.0878003
1329,757596066325864448,None,0.0
1330,757597904299253760,None,0.0
1331,757611664640446465,Bluetick,0.829259
1332,757725642876129280,Labrador Retriever,0.128128
1333,757729163776290825,Schipperke,0.0455186
1334,757741869644341248,Old English Sheepdog,0.128899
1335,758041019896193024,Cardigan,0.0512653
1336,758355060040593408,Pembroke,0.987643
1337,758405701903519748,Chesapeake Bay Retriever,0.702954
1338,758467244762497024,Labrador Retriever,0.4363770000000001
1339,758474966123810816,Pembroke,0.546145
1340,758740312047005698,Chesapeake Bay Retriever,0.848514
1341,758828659922702336,Chesapeake Bay Retriever,0.480048
1342,758854675097526272,Old English Sheepdog,0.0237914
1343,759047813560868866,Labrador Retriever,0.778546
1344,759099523532779520,Shetland Sheepdog,0.12903399999999998
1345,759159934323924993,Irish Terrier,0.254856
1346,759197388317847553,Kuvasz,0.5113409999999999
1347,759447681597108224,Kuvasz,0.223148
1348,759557299618865152,Golden Retriever,0.763333
1349,759566828574212096,Labrador Retriever,0.967397
1350,759793422261743616,Golden Retriever,0.985876
1351,759846353224826880,Sussex Spaniel,0.355395
1352,759923798737051648,Labrador Retriever,0.324579
1353,760190180481531904,None,0.0
1354,760252756032651264,None,0.0
1355,760290219849637889,Old English Sheepdog,0.3022
1356,760539183865880579,Samoyed,0.988013
1357,760641137271070720,None,0.0
1358,760656994973933572,Golden Retriever,0.760546
1359,760893934457552897,Blenheim Spaniel,0.113992
1360,761004547850530816,Golden Retriever,0.735163
1361,761227390836215808,French Bulldog,0.280802
1362,761292947749015552,Standard Poodle,0.6608930000000001
1363,761334018830917632,Norwegian Elkhound,0.8229360000000001
1364,761371037149827077,None,0.0
1365,761599872357261312,Gordon Setter,0.240427
1366,761672994376806400,None,0.0
1367,761745352076779520,None,0.0
1368,761750502866649088,Golden Retriever,0.586937
1369,761976711479193600,Labrador Retriever,0.475552
1370,762035686371364864,None,0.0
1371,762316489655476224,None,0.0
1372,762464539388485633,Chow,0.999953
1373,762471784394268675,Samoyed,0.540276
1374,762699858130116608,Kelpie,0.519047
1375,763103485927849985,Chow,0.0390848
1376,763183847194451968,Miniature Poodle,0.354674
1377,763837565564780549,Malamute,0.375098
1378,764259802650378240,German Shepherd,0.973677
1379,764857477905154048,Bernese Mountain Dog,0.7920590000000001
1380,765222098633691136,Dalmatian,0.556595
1381,765371061932261376,Golden Retriever,0.829456
1382,765395769549590528,Pembroke,0.509491
1383,765669560888528897,Beagle,0.993333
1384,765719909049503744,Golden Retriever,0.969518
1385,766008592277377025,Welsh Springer Spaniel,0.7281529999999999
1386,766069199026450432,Redbone,0.484855
1387,766078092750233600,Toy Poodle,0.420463
1388,766313316352462849,Toy Poodle,0.966896
1389,766423258543644672,Keeshond,0.995823
1390,766693177336135680,Doberman,0.948355
1391,766793450729734144,Beagle,0.451697
1392,767122157629476866,Toy Poodle,0.873841
1393,767191397493538821,None,0.0
1394,767500508068192258,Chow,0.483228
1395,767754930266464257,Vizsla,0.307794
1396,767884188863397888,None,0.0
1397,768193404517830656,None,0.0
1398,768473857036525572,Labrador Retriever,0.73917
1399,768596291618299904,Great Pyrenees,0.729745
1400,768609597686943744,Basenji,0.183283
1401,768855141948723200,Chow,0.7202189999999999
1402,768970937022709760,Pomeranian,0.182358
1403,769212283578875904,Golden Retriever,0.16653800000000002
1404,769695466921623552,Pug,0.407117
1405,769940425801170949,Miniature Pinscher,0.796313
1406,770069151037685760,Boston Bull,0.414965
1407,770093767776997377,Golden Retriever,0.843799
1408,770293558247038976,Italian Greyhound,0.931668
1409,770414278348247044,Golden Retriever,0.0535696
1410,770655142660169732,None,0.0
1411,770772759874076672,Chow,0.979515
1412,770787852854652928,Bernese Mountain Dog,0.787812
1413,771004394259247104,None,0.0
1414,771014301343748096,None,0.0
1415,771102124360998913,Labrador Retriever,0.568789
1416,771136648247640064,Golden Retriever,0.297402
1417,771171053431250945,Samoyed,0.978833
1418,771380798096281600,Collie,0.503728
1419,771500966810099713,Labrador Retriever,0.833952
1420,771770456517009408,Papillon,0.53318
1421,772102971039580160,Pembroke,0.54178
1422,772114945936949249,Chihuahua,0.803293
1423,772117678702071809,Labrador Retriever,0.217821
1424,772152991789019136,Golden Retriever,0.275318
1425,772193107915964416,Pembroke,0.367945
1426,772581559778025472,Newfoundland,0.574345
1427,772615324260794368,Dalmatian,0.556595
1428,772826264096874500,Basset,0.915351
1429,772877495989305348,Norwegian Elkhound,0.138523
1430,773191612633579521,Blenheim Spaniel,0.427766
1431,773247561583001600,Miniature Pinscher,0.08336879999999999
1432,773308824254029826,Labrador Retriever,0.151406
1433,773547596996571136,Norwegian Elkhound,0.372202
1434,773670353721753600,Old English Sheepdog,0.969311
1435,773704687002451968,Silky Terrier,0.324251
1436,773922284943896577,Pomeranian,0.554331
1437,773985732834758656,Pug,0.10957
1438,774314403806253056,Eskimo Dog,0.5960449999999999
1439,774639387460112384,Walker Hound,0.6275930000000001
1440,774757898236878852,Toy Poodle,0.7199409999999999
1441,775085132600442880,Chow,0.316565
1442,775364825476165632,Beagle,0.571229
1443,775729183532220416,None,0.0
1444,775733305207554048,None,0.0
1445,775842724423557120,Chow,0.520022
1446,775898661951791106,Golden Retriever,0.945523
1447,776088319444877312,Pug,7.657020000000001e-05
1448,776113305656188928,None,0.0
1449,776201521193218049,Rottweiler,0.502228
1450,776218204058357768,Samoyed,0.940326
1451,776477788987613185,Labrador Retriever,0.8848389999999999
1452,776813020089548800,Toy Poodle,0.51661
1453,776819012571455488,Chihuahua,0.346545
1454,777189768882946048,Chihuahua,0.988412
1455,777621514455814149,Chow,0.999823
1456,777641927919427584,Golden Retriever,0.964929
1457,777684233540206592,Cocker Spaniel,0.253442
1458,777885040357281792,Afghan Hound,0.123529
1459,778027034220126208,Clumber,0.946718
1460,778039087836069888,German Shepherd,0.717776
1461,778286810187399168,Boston Bull,0.32207
1462,778383385161035776,Collie,0.345266
1463,778396591732486144,None,0.0
1464,778408200802557953,Pembroke,0.8483620000000001
1465,778624900596654080,Airedale,0.786089
1466,778650543019483137,German Shepherd,0.515699
1467,778748913645780993,Staffordshire Bullterrier,0.351434
1468,778990705243029504,Cocker Spaniel,0.7153510000000001
1469,779056095788752897,Chihuahua,0.721188
1470,779123168116150273,Toy Poodle,0.43108
1471,779377524342161408,None,0.0
1472,779834332596887552,Golden Retriever,0.99383
1473,780192070812196864,Vizsla,0.144012
1474,780459368902959104,Great Dane,0.382491
1475,780476555013349377,Pug,0.919255
1476,780496263422808064,Pug,0.99731
1477,780543529827336192,Golden Retriever,0.628312
1478,780601303617732608,Saint Bernard,0.995143
1479,780800785462489090,Siberian Husky,0.951963
1480,780858289093574656,Chesapeake Bay Retriever,0.488555
1481,780931614150983680,None,0.0
1482,781163403222056960,Shetland Sheepdog,0.973841
1483,781251288990355457,Mexican Hairless,0.8877709999999999
1484,781524693396357120,Chesapeake Bay Retriever,0.0035225
1485,781661882474196992,Pembroke,0.438087
1486,781955203444699136,None,0.0
1487,782021823840026624,Golden Retriever,0.383223
1488,782305867769217024,Briard,0.5044270000000001
1489,782598640137187329,Malamute,0.8408709999999999
1490,782722598790725632,Irish Setter,0.574557
1491,782747134529531904,Golden Retriever,0.560699
1492,782969140009107456,Golden Retriever,0.17139300000000002
1493,783085703974514689,Chesapeake Bay Retriever,0.240602
1494,783334639985389568,Cardigan,0.593858
1495,783347506784731136,Cardigan,0.611525
1496,783391753726550016,Norwegian Elkhound,0.87713
1497,783466772167098368,Chihuahua,0.789
1498,783695101801398276,Chow,0.314265
1499,783821107061198850,Lakeland Terrier,0.26565900000000003
1500,783839966405230592,None,0.0
1501,784431430411685888,Miniature Poodle,0.744819
1502,784517518371221505,Malamute,0.757764
1503,784826020293709826,Chow,0.0903414
1504,785170936622350336,Eskimo Dog,0.0274944
1505,785264754247995392,Chow,0.056137
1506,785533386513321988,Miniature Pinscher,0.436023
1507,785639753186217984,None,0.0
1508,785872687017132033,Great Pyrenees,0.392108
1509,785927819176054784,Toy Poodle,0.00849262
1510,786036967502913536,Golden Retriever,0.99383
1511,786233965241827333,Labrador Retriever,0.478193
1512,786363235746385920,Golden Retriever,0.929266
1513,786595970293370880,Pembroke,0.709512
1514,786664955043049472,Leonberg,0.512034
1515,786709082849828864,Pomeranian,0.467321
1516,786963064373534720,Golden Retriever,0.915303
1517,787322443945877504,Golden Retriever,0.105703
1518,787397959788929025,Chihuahua,0.900483
1519,787717603741622272,German Shepherd,0.992339
1520,787810552592695296,Pug,0.362835
1521,788039637453406209,None,0.0
1522,788070120937619456,Golden Retriever,0.735163
1523,788150585577050112,Chow,0.814145
1524,788178268662984705,Samoyed,0.73548
1525,788412144018661376,Golden Retriever,0.805238
1526,788765914992902144,Cocker Spaniel,0.500509
1527,788908386943430656,Golden Retriever,0.0340897
1528,789137962068021249,Chihuahua,0.746135
1529,789268448748703744,Malamute,0.81286
1530,789530877013393408,Schipperke,0.363272
1531,789599242079838210,Chesapeake Bay Retriever,0.8788219999999999
1532,789628658055020548,Chow,0.260702
1533,789986466051088384,Golden Retriever,0.07853049999999999
1534,790277117346975746,Labrador Retriever,0.427742
1535,790337589677002753,Pembroke,0.658808
1536,790581949425475584,Malinois,0.000152999
1537,790698755171364864,Bernese Mountain Dog,0.996541
1538,790723298204217344,Golden Retriever,0.07853049999999999
1539,790946055508652032,Golden Retriever,0.245773
1540,790987426131050500,Cocker Spaniel,0.349195
1541,791026214425268224,Malamute,0.375098
1542,791312159183634433,Miniature Pinscher,0.892925
1543,791406955684368384,Pembroke,0.972629
1544,791672322847637504,Golden Retriever,0.705092
1545,792050063153438720,Komondor,0.942856
1546,792394556390137856,Cocker Spaniel,0.746387
1547,792773781206999040,Yorkshire Terrier,0.912804
1548,792883833364439040,Standard Poodle,8.31451e-05
1549,792913359805018113,None,0.0
1550,793120401413079041,Labrador Retriever,0.7249439999999999
1551,793135492858580992,None,0.0
1552,793150605191548928,Italian Greyhound,0.193869
1553,793165685325201412,Golden Retriever,0.946224
1554,793180763617361921,Lakeland Terrier,0.266824
1555,793195938047070209,Labrador Retriever,0.654762
1556,793210959003287553,French Bulldog,0.0187591
1557,793226087023144960,Wire-Haired Fox Terrier,0.456047
1558,793241302385262592,Golden Retriever,0.559308
1559,793256262322548741,Basset,0.207622
1560,793271401113350145,Siberian Husky,0.231695
1561,793286476301799424,Afghan Hound,0.274637
1562,793500921481273345,Golden Retriever,0.326122
1563,793601777308463104,Miniature Pinscher,0.538981
1564,793614319594401792,Golden Retriever,0.705092
1565,793845145112371200,Old English Sheepdog,0.7652770000000001
1566,793962221541933056,Labrador Retriever,0.8616510000000001
1567,794205286408003585,None,0.0
1568,794332329137291264,Samoyed,0.988307
1569,794355576146903043,Cocker Spaniel,0.500509
1570,794926597468000259,Toy Poodle,0.0376618
1571,794983741416415232,Schipperke,0.363272
1572,795076730285391872,None,0.0
1573,795400264262053889,Golden Retriever,0.925494
1574,795464331001561088,Golden Retriever,0.193082
1575,796031486298386433,Golden Retriever,0.893775
1576,796080075804475393,Chow,0.973846
1577,796116448414461957,Cardigan,0.700182
1578,796149749086875649,Golden Retriever,0.600276
1579,796177847564038144,Golden Retriever,0.600276
1580,796387464403357696,Pekinese,0.461164
1581,796484825502875648,Cocker Spaniel,0.116924
1582,796759840936919040,American Staffordshire Terrier,0.463996
1583,796865951799083009,Cardigan,0.8391290000000001
1584,797236660651966464,Collie,0.767005
1585,797545162159308800,Pembroke,0.954089
1586,797971864723324932,American Staffordshire Terrier,0.489845
1587,798209839306514432,Pekinese,0.524583
1588,798340744599797760,Papillon,0.53318
1589,798628517273620480,Beagle,0.636169
1590,798644042770751489,English Springer,0.403698
1591,798665375516884993,Chow,0.243529
1592,798673117451325440,None,0.0
1593,798694562394996736,Chihuahua,0.615163
1594,798697898615730177,Labrador Retriever,0.8686709999999999
1595,798925684722855936,West Highland White Terrier,0.539463
1596,798933969379225600,Siberian Husky,0.703224
1597,799063482566066176,Norfolk Terrier,0.334436
1598,799297110730567681,Malamute,0.985028
1599,799422933579902976,Miniature Pinscher,0.58363
1600,799757965289017345,Border Collie,0.442534
1601,799774291445383169,Chow,0.316565
1602,800018252395122689,None,0.0
1603,800141422401830912,Golden Retriever,0.938048
1604,800388270626521089,Golden Retriever,0.35986
1605,800443802682937345,None,0.0
1606,800459316964663297,None,0.0
1607,800513324630806528,Pembroke,0.8289040000000001
1608,800751577355128832,Cocker Spaniel,0.771984
1609,801115127852503040,Dalmatian,0.823356
1610,801167903437357056,Cocker Spaniel,0.74022
1611,801285448605831168,None,0.0
1612,801538201127157760,Pembroke,0.550506
1613,801958328846974976,Staffordshire Bullterrier,0.327887
1614,802239329049477120,Eskimo Dog,0.482498
1615,802247111496568832,Chihuahua,0.721188
1616,802265048156610565,Labrador Retriever,0.8971620000000001
1617,802323869084381190,None,0.0
1618,802572683846291456,Golden Retriever,0.610171
1619,802624713319034886,Cocker Spaniel,0.253442
1620,802952499103731712,Chow,0.944032
1621,803276597545603072,Pembroke,0.457086
1622,803380650405482500,None,0.0
1623,803638050916102144,Labrador Retriever,0.372776
1624,803692223237865472,Lakeland Terrier,0.530104
1625,803773340896923648,Miniature Pinscher,0.817066
1626,804026241225523202,None,0.0
1627,804413760345620481,Chow,0.0903414
1628,804738756058218496,Tibetan Mastiff,0.91579
1629,805207613751304193,Pembroke,0.244705
1630,805487436403003392,None,0.0
1631,805520635690676224,Malinois,0.643147
1632,805826884734976000,Siberian Husky,0.248926
1633,805932879469572096,Norwegian Elkhound,0.657967
1634,805958939288408065,Irish Setter,0.574557
1635,806219024703037440,Chow,0.835102
1636,806242860592926720,Cardigan,0.593858
1637,806542213899489280,Vizsla,0.938617
1638,806629075125202948,Cocker Spaniel,0.0464032
1639,807010152071229440,Golden Retriever,0.610807
1640,807059379405148160,Golden Retriever,0.17139300000000002
1641,807106840509214720,Chihuahua,0.50537
1642,807621403335917568,Golden Retriever,0.873233
1643,808001312164028416,Labrador Retriever,0.730959
1644,808106460588765185,Golden Retriever,0.426183
1645,808134635716833280,Cocker Spaniel,0.74022
1646,808501579447930884,Airedale,0.4542390000000001
1647,808733504066486276,Toy Poodle,0.0369271
1648,808838249661788160,Rottweiler,0.36953
1649,809084759137812480,Vizsla,0.911412
1650,809220051211603969,Pomeranian,0.8195110000000001
1651,809448704142938112,Greater Swiss Mountain Dog,0.375415
1652,809808892968534016,Labrador Retriever,0.8616510000000001
1653,809920764300447744,Norwich Terrier,0.397163
1654,810254108431155201,Staffordshire Bullterrier,0.292556
1655,810284430598270976,Malamute,0.620768
1656,810657578271330305,Malamute,0.753521
1657,810896069567610880,Flat-Coated Retriever,0.8208040000000001
1658,810984652412424192,Golden Retriever,0.8713420000000001
1659,811386762094317568,Pembroke,0.804177
1660,811627233043480576,Beagle,0.39628
1661,811744202451197953,Pekinese,0.386082
1662,811985624773361665,Staffordshire Bullterrier,0.6105729999999999
1663,812372279581671427,Golden Retriever,0.7848729999999999
1664,812466873996607488,Great Dane,0.0782055
1665,812503143955202048,None,0.0
1666,812709060537683968,Irish Setter,0.326873
1667,812781120811126785,Bull Mastiff,0.989316
1668,813051746834595840,Golden Retriever,0.914804
1669,813066809284972545,Toy Terrier,0.7764
1670,813081950185472002,Doberman,0.909951
1671,813096984823349248,Great Dane,0.128056
1672,813112105746448384,Pembroke,0.140682
1673,813127251579564032,Norwegian Elkhound,0.432416
1674,813142292504645637,Beagle,0.848735
1675,813157409116065792,Pembroke,0.07056710000000001
1676,813172488309972993,Golden Retriever,0.0261931
1677,813187593374461952,Golden Retriever,0.888181
1678,813202720496779264,Cocker Spaniel,0.701852
1679,813217897535406080,Samoyed,0.905972
1680,813800681631023104,Malamute,0.501159
1681,813812741911748608,French Bulldog,0.709146
1682,813910438903693312,Siberian Husky,0.6993550000000001
1683,813944609378369540,Labrador Retriever,0.427742
1684,814153002265309185,Golden Retriever,0.490068
1685,814530161257443328,Miniature Poodle,0.626913
1686,814638523311648768,Golden Retriever,0.650814
1687,814986499976527872,Dalmatian,0.999828
1688,815390420867969024,None,0.0
1689,815639385530101762,German Shepherd,0.8179529999999999
1690,815736392542261248,Border Collie,0.5489069999999999
1691,815966073409433600,Tibetan Mastiff,0.506312
1692,815990720817401858,Chihuahua,0.428756
1693,816014286006976512,English Setter,0.677408
1694,816091915477250048,Pomeranian,0.967345
1695,816336735214911488,Labrador Retriever,0.91933
1696,816450570814898180,None,0.0
1697,816697700272001025,Chihuahua,0.756992
1698,816816676327063552,Malamute,0.668164
1699,816829038950027264,Golden Retriever,0.245773
1700,817056546584727552,Kelpie,0.8644149999999999
1701,817120970343411712,Saluki,0.568809
1702,817171292965273600,Golden Retriever,0.295483
1703,817181837579653120,Tibetan Mastiff,0.506312
1704,817415592588222464,Doberman,0.806163
1705,817423860136083457,Samoyed,0.201358
1706,817536400337801217,Pug,0.971358
1707,817777686764523521,Curly-Coated Retriever,0.733256
1708,817827839487737858,Cocker Spaniel,0.387608
1709,818145370475810820,Golden Retriever,0.621931
1710,818259473185828864,Miniature Schnauzer,0.367368
1711,818536468981415936,Welsh Springer Spaniel,6.229489999999999e-05
1712,818588835076603904,Norwegian Elkhound,0.372202
1713,818614493328580609,Chihuahua,0.450722
1714,818627210458333184,Labrador Retriever,0.384188
1715,819004803107983360,Standard Poodle,0.351308
1716,819006400881917954,None,0.0
1717,819015331746349057,None,0.0
1718,819015337530290176,Standard Poodle,0.351308
1719,819227688460238848,Border Terrier,0.4824520000000001
1720,819347104292290561,Rottweiler,0.909106
1721,819588359383371776,Cardigan,0.5479350000000001
1722,819711362133872643,Toy Poodle,0.0220094
1723,819924195358416896,None,0.0
1724,819952236453363712,American Staffordshire Terrier,0.925505
1725,820078625395449857,None,0.0
1726,820314633777061888,Gordon Setter,0.940724
1727,820446719150292993,Golden Retriever,0.938048
1728,820690176645140481,West Highland White Terrier,0.872064
1729,820749716845686786,Golden Retriever,0.8380120000000001
1730,821044531881721856,Old English Sheepdog,0.14802
1731,821107785811234820,Pomeranian,0.85659
1732,821149554670182400,German Shepherd,0.515933
1733,821407182352777218,Irish Setter,0.5054960000000001
1734,821522889702862852,Doberman,0.7635390000000001
1735,821765923262631936,Golden Retriever,0.980071
1736,821813639212650496,Saint Bernard,0.995143
1737,821886076407029760,Golden Retriever,0.26623800000000003
1738,822244816520155136,Samoyed,0.585441
1739,822462944365645825,Pomeranian,0.960199
1740,822489057087389700,Samoyed,0.416769
1741,822610361945911296,Cocker Spaniel,0.6644869999999999
1742,822647212903690241,Samoyed,0.416769
1743,822859134160621569,Malinois,0.332897
1744,822872901745569793,Lakeland Terrier,0.196015
1745,822975315408461824,Pembroke,0.233162
1746,823269594223824897,Samoyed,0.585441
1747,823322678127919110,Chihuahua,0.00183635
1748,823581115634085888,German Shepherd,0.194044
1749,823699002998870016,Cairn,0.203999
1750,823939628516474880,Schipperke,0.23407600000000006
1751,824297048279236611,None,0.0
1752,824325613288833024,Pembroke,0.990793
1753,824663926340194305,English Setter,0.526488
1754,824775126675836928,Border Terrier,0.610499
1755,824796380199809024,None,0.0
1756,825026590719483904,Eskimo Dog,0.524454
1757,825147591692263424,Pekinese,0.354823
1758,825535076884762624,Rottweiler,0.681495
1759,825829644528148480,Great Pyrenees,0.8534069999999999
1760,825876512159186944,None,0.0
1761,826115272272650244,Golden Retriever,0.00233085
1762,826204788643753985,Labrador Retriever,0.782058
1763,826240494070030336,French Bulldog,0.903048
1764,826476773533745153,German Shepherd,0.7418600000000001
1765,826598365270007810,French Bulldog,0.628119
1766,826848821049180160,Great Pyrenees,0.858764
1767,826958653328592898,Golden Retriever,0.6173890000000001
1768,827199976799354881,Great Dane,0.8696809999999999
1769,827324948884643840,Golden Retriever,0.352486
1770,827600520311402496,Pembroke,0.32563800000000004
1771,827653905312006145,Collie,0.285555
1772,827933404142436356,German Shepherd,0.8061149999999999
1773,828011680017821696,American Staffordshire Terrier,0.936662
1774,828046555563323392,None,0.0
1775,828372645993398273,Malamute,0.663047
1776,828376505180889089,American Staffordshire Terrier,0.5230859999999999
1777,828381636999917570,Bedlington Terrier,0.392535
1778,828408677031882754,Weimaraner,0.13303299999999998
1779,828409743546925057,Toy Poodle,0.0180398
1780,828650029636317184,Golden Retriever,0.649209
1781,828708714936930305,Mexican Hairless,0.00838837
1782,828770345708580865,Chesapeake Bay Retriever,0.0338986
1783,829011960981237760,Boxer,0.312221
1784,829141528400556032,Golden Retriever,0.57314
1785,829374341691346946,Staffordshire Bullterrier,0.757547
1786,829449946868879360,Labrador Retriever,0.315163
1787,829501995190984704,French Bulldog,0.950851
1788,829861396166877184,Border Terrier,0.394486
1789,829878982036299777,Golden Retriever,0.6173890000000001
1790,830097400375152640,Toy Poodle,0.442713
1791,830583320585068544,Labrador Retriever,0.908703
1792,830956169170665475,Kuvasz,0.451516
1793,831262627380748289,Cocker Spaniel,0.26332300000000003
1794,831309418084069378,Doberman,0.369389
1795,831315979191906304,Briard,0.982755
1796,831322785565769729,Old English Sheepdog,0.999715
1797,831552930092285952,Chihuahua,0.257415
1798,831650051525054464,Eskimo Dog,0.530416
1799,831670449226514432,Pembroke,0.6248020000000001
1800,831911600680497154,Bloodhound,0.777562
1801,831939777352105988,Pomeranian,0.153862
1802,832032802820481025,Whippet,0.601712
1803,832040443403784192,Miniature Pinscher,0.796313
1804,832215726631055365,Afghan Hound,0.274637
1805,832273440279240704,Pembroke,0.134081
1806,832369877331693569,Kelpie,0.50469
1807,832397543355072512,Pekinese,0.988916
1808,832636094638288896,Eskimo Dog,0.5250319999999999
1809,832757312314028032,Cardigan,0.160888
1810,832769181346996225,None,0.0
1811,832998151111966721,Boxer,0.539036
1812,833124694597443584,Cardigan,0.7105229999999999
1813,833479644947025920,Golden Retriever,0.727039
1814,833722901757046785,West Highland White Terrier,0.918144
1815,833826103416520705,Chihuahua,0.438054
1816,833863086058651648,Kuvasz,0.494969
1817,834086379323871233,Labrador Retriever,0.0452627
1818,834167344700198914,None,0.0
1819,834209720923721728,Golden Retriever,0.754799
1820,834458053273591808,Rhodesian Ridgeback,0.468619
1821,834574053763584002,Golden Retriever,0.226564
1822,834786237630337024,Border Terrier,0.156276
1823,834931633769889797,Soft-Coated Wheaten Terrier,0.196476
1824,835152434251116546,American Staffordshire Terrier,0.0127309
1825,835172783151792128,Border Collie,0.663138
1826,835264098648616962,Chesapeake Bay Retriever,0.0875033
1827,835297930240217089,Rottweiler,0.341276
1828,835574547218894849,Staffordshire Bullterrier,0.6106550000000001
1829,836001077879255040,Samoyed,0.963558
1830,836260088725786625,Borzoi,0.564688
1831,836380477523124226,None,0.0
1832,836677758902222849,None,0.0
1833,836753516572119041,Schipperke,0.0115635
1834,836989968035819520,Toy Poodle,0.005887300000000001
1835,837012587749474308,None,0.0
1836,837110210464448512,Siberian Husky,0.767696
1837,837366284874571778,American Staffordshire Terrier,0.660085
1838,837471256429613056,Norwegian Elkhound,0.976255
1839,837482249356513284,None,0.0
1840,837820167694528512,Golden Retriever,0.887625
1841,838083903487373313,Chow,0.800975
1842,838476387338051585,Great Pyrenees,0.997692
1843,838561493054533637,Kelpie,0.216562
1844,838916489579200512,None,0.0
1845,838921590096166913,Border Terrier,0.664538
1846,839239871831150596,Leonberg,0.927021
1847,839290600511926273,None,0.0
1848,839549326359670784,Norwich Terrier,0.05248
1849,839990271299457024,Staffordshire Bullterrier,0.604938
1850,840268004936019968,Chesapeake Bay Retriever,0.8639870000000001
1851,840370681858686976,None,0.0
1852,840632337062862849,Golden Retriever,0.711148
1853,840696689258311684,None,0.0
1854,841077006473256960,Brittany Spaniel,0.962985
1855,841314665196081154,Afghan Hound,0.903712
1856,841439858740625411,Labrador Retriever,0.0481999
1857,841680585030541313,Chihuahua,0.547401
1858,841833993020538882,Samoyed,0.201358
1859,842115215311396866,Chow,0.293493
1860,842163532590374912,French Bulldog,0.891227
1861,842535590457499648,Pembroke,0.685084
1862,842765311967449089,Labrador Retriever,0.0293399
1863,842846295480000512,Labrador Retriever,0.461076
1864,842892208864923648,Chihuahua,0.50537
1865,843235543001513987,Pembroke,0.958452
1866,843604394117681152,Labrador Retriever,0.430583
1867,843856843873095681,Labrador Retriever,0.92254
1868,844223788422217728,Labrador Retriever,0.71951
1869,844580511645339650,None,0.0
1870,844704788403113984,Labrador Retriever,0.980213
1871,844973813909606400,Labrador Retriever,0.742421
1872,844979544864018432,Shetland Sheepdog,0.000132068
1873,845306882940190720,Irish Water Spaniel,0.567475
1874,845397057150107648,Dandie Dinmont,0.394404
1875,845677943972139009,Chow,0.8086810000000001
1876,845812042753855489,Samoyed,0.979803
1877,846042936437604353,Golden Retriever,0.96111
1878,846153765933735936,Giant Schnauzer,0.346468
1879,846514051647705089,Golden Retriever,0.650003
1880,846874817362120707,Shetland Sheepdog,0.450539
1881,847116187444137987,American Staffordshire Terrier,0.113434
1882,847157206088847362,Staffordshire Bullterrier,0.21960900000000005
1883,847251039262605312,Airedale,0.49538
1884,847606175596138505,Cardigan,0.413688
1885,847842811428974592,Bernese Mountain Dog,0.951337
1886,847962785489326080,None,0.0
1887,847971574464610304,None,0.0
1888,848212111729840128,Bedlington Terrier,0.333486
1889,848324959059550208,Malamute,0.5445760000000001
1890,848690551926992896,Flat-Coated Retriever,0.8236479999999999
1891,849051919805034497,None,0.0
1892,849336543269576704,None,0.0
1893,849412302885593088,Schipperke,0.907559
1894,849776966551130114,Chihuahua,0.292092
1895,850019790995546112,Shetland Sheepdog,0.759907
1896,850145622816686080,Kelpie,0.10539
1897,850380195714523136,Yorkshire Terrier,0.249012
1898,850753642995093505,Pug,0.996952
1899,851224888060895234,Standard Poodle,0.00568265
1900,851464819735769094,None,0.0
1901,851591660324737024,Cardigan,0.394507
1902,851861385021730816,None,0.0
1903,851953902622658560,Staffordshire Bullterrier,0.757547
1904,852189679701164033,Bernese Mountain Dog,0.415374
1905,852226086759018497,None,0.0
1906,852311364735569921,None,0.0
1907,852553447878664193,Bloodhound,0.186498
1908,852672615818899456,Golden Retriever,0.7112350000000001
1909,852912242202992640,Great Dane,0.7837649999999999
1910,853299958564483072,None,0.0
1911,853639147608842240,German Shepherd,0.509879
1912,853760880890318849,Miniature Pinscher,0.29251900000000003
1913,854010172552949760,English Springer,0.354733
1914,854120357044912130,Black-And-Tan Coonhound,0.8548610000000001
1915,854365224396361728,Pembroke,0.90708
1916,854482394044301312,Chihuahua,0.26024200000000003
1917,854732716440526848,Pembroke,0.6955479999999999
1918,855459453768019968,Blenheim Spaniel,0.389513
1919,855851453814013952,Flat-Coated Retriever,0.321676
1920,856282028240666624,Chihuahua,0.8765430000000001
1921,856526610513747968,Old English Sheepdog,0.798481
1922,856543823941562368,Boston Bull,0.30691
1923,857029823797047296,Golden Retriever,0.968623
1924,857263160327368704,Samoyed,0.998021
1925,857393404942143489,Malamute,0.8415969999999999
1926,857746408056729600,Labrador Retriever,0.919832
1927,857989990357356544,French Bulldog,0.43258
1928,858107933456039936,Golden Retriever,0.863874
1929,858471635011153920,Pembroke,0.987407
1930,858843525470990336,Golden Retriever,0.57812
1931,859074603037188101,None,0.0
1932,859196978902773760,Malamute,0.216163
1933,859607811541651456,Golden Retriever,0.8955290000000001
1934,859851578198683649,Labrador Retriever,0.899086
1935,859924526012018688,French Bulldog,0.254587
1936,860184849394610176,None,0.0
1937,860276583193509888,None,0.0
1938,860524505164394496,Bedlington Terrier,0.286558
1939,860563773140209665,Cardigan,0.583936
1940,860924035999428608,None,0.0
1941,861005113778896900,German Shepherd,0.507951
1942,861288531465048066,Bouvier Des Flandres,0.0826102
1943,861383897657036800,Cardigan,0.771008
1944,861769973181624320,Cocker Spaniel,0.0464032
1945,862096992088072192,Chow,0.677589
1946,862457590147678208,None,0.0
1947,862722525377298433,Basset,0.39333
1948,862831371563274240,Australian Terrier,0.207281
1949,863062471531167744,French Bulldog,0.935804
1950,863079547188785154,Lakeland Terrier,0.275242
1951,863432100342583297,Staffordshire Bullterrier,0.690517
1952,863553081350529029,Eskimo Dog,0.41333
1953,863907417377173506,None,0.0
1954,864197398364647424,Golden Retriever,0.945905
1955,864279568663928832,Bull Mastiff,0.668613
1956,864873206498414592,None,0.0
1957,865006731092295680,Pembroke,0.989882
1958,865359393868664832,Chesapeake Bay Retriever,0.832435
1959,865718153858494464,Golden Retriever,0.673664
1960,866334964761202691,Samoyed,0.984086
1961,866450705531457537,French Bulldog,0.905334
1962,866686824827068416,Flat-Coated Retriever,0.51473
1963,867051520902168576,Samoyed,0.471403
1964,867072653475098625,Blenheim Spaniel,0.352946
1965,867421006826221569,Eskimo Dog,0.6164569999999999
1966,867774946302451713,Border Collie,0.661953
1967,867900495410671616,Labrador Retriever,0.522644
1968,868552278524837888,Whippet,0.378151
1969,868622495443632128,Labrador Retriever,0.868107
1970,868880397819494401,French Bulldog,0.0999839
1971,869227993411051520,Pembroke,0.664181
1972,869596645499047938,Chihuahua,0.955156
1973,869702957897576449,Pembroke,0.993449
1974,869772420881756160,Pembroke,0.980148
1975,870063196459192321,None,0.0
1976,870308999962521604,Greater Swiss Mountain Dog,0.6227520000000001
1977,870374049280663552,Golden Retriever,0.841001
1978,870656317836468226,Pembroke,0.945495
1979,870804317367881728,None,0.0
1980,871032628920680449,Kelpie,0.3980530000000001
1981,871515927908634625,Komondor,0.974781
1982,871762521631449091,Labrador Retriever,0.921393
1983,871879754684805121,Shetland Sheepdog,0.969171
1984,872122724285648897,Pug,0.06673630000000001
1985,872261713294495745,Labrador Retriever,0.972019
1986,872486979161796608,Pembroke,0.931861
1987,872620804844003328,Cocker Spaniel,0.513191
1988,872820683541237760,Pug,0.99912
1989,872967104147763200,Labrador Retriever,0.476913
1990,873213775632977920,Vizsla,0.6197819999999999
1991,873580283840344065,Newfoundland,0.678537
1992,873697596434513921,French Bulldog,0.0999839
1993,874012996292530176,Cardigan,0.806674
1994,874057562936811520,Flat-Coated Retriever,0.8321770000000001
1995,874296783580663808,Cocker Spaniel,0.437216
1996,874680097055178752,Labrador Retriever,0.836052
1997,875021211251597312,West Highland White Terrier,0.7143189999999999
1998,875144289856114688,Siberian Husky,0.245048
1999,875747767867523072,Labrador Retriever,0.799551
2000,876120275196170240,Bernese Mountain Dog,0.534327
2001,876484053909872640,Golden Retriever,0.874566
2002,876838120628539392,Bloodhound,0.575751
2003,877201837425926144,Pembroke,0.93112
2004,877316821321428993,Saluki,0.5099670000000001
2005,877556246731214848,Basset,0.995368
2006,877611172832227328,Irish Setter,0.364729
2007,877736472329191424,Chesapeake Bay Retriever,0.8379559999999999
2008,878057613040115712,French Bulldog,0.839097
2009,878281511006478336,Basset,0.32042
2010,878776093423087618,Italian Greyhound,0.734684
2011,879008229531029506,Vizsla,0.960513
2012,879050749262655488,None,0.0
2013,879376492567855104,Labrador Retriever,0.0334961
2014,879415818425184262,English Springer,0.383404
2015,879492040517615616,German Short-Haired Pointer,0.479896
2016,879862464715927552,Basset,0.813507
2017,880095782870896641,Miniature Pinscher,0.120298
2018,880221127280381952,Chihuahua,0.238525
2019,880465832366813184,Golden Retriever,0.913255
2020,880872448815771648,Pembroke,0.791416
2021,880935762899988482,None,0.0
2022,881268444196462592,None,0.0
2023,881536004380872706,Samoyed,0.281463
2024,881666595344535552,Saluki,0.529012
2025,881906580714921986,Weimaraner,0.291539
2026,882045870035918850,Golden Retriever,0.00694063
2027,882268110199369728,Golden Retriever,0.762211
2028,882627270321602560,Pembroke,0.542982
2029,882762694511734784,Labrador Retriever,0.85005
2030,882992080364220416,Eskimo Dog,0.466778
2031,883117836046086144,Golden Retriever,0.949562
2032,883360690899218434,Chow,0.987997
2033,883482846933004288,Golden Retriever,0.943082
2034,883838122936631299,Doberman,0.610946
2035,884162670584377345,German Shepherd,0.707046
2036,884441805382717440,Pembroke,0.993225
2037,884562892145688576,Pug,0.5464060000000001
2038,884876753390489601,Chow,0.822103
2039,884925521741709313,Italian Greyhound,0.259916
2040,885167619883638784,Malamute,0.8124819999999999
2041,885311592912609280,Labrador Retriever,0.908703
2042,885528943205470208,Pug,0.369275
2043,885984800019947520,Blenheim Spaniel,0.972494
2044,886258384151887873,Pug,0.943575
2045,886366144734445568,French Bulldog,0.999201
2046,886680336477933568,None,0.0
2047,886736880519319552,Kuvasz,0.309706
2048,886983233522544640,Chihuahua,0.793469
2049,887101392804085760,Samoyed,0.733942
2050,887343217045368832,Mexican Hairless,0.330741
2051,887473957103951883,Pembroke,0.809197
2052,887517139158093824,None,0.0
2053,887705289381826560,Basset,0.821664
2054,888078434458587136,French Bulldog,0.995026
2055,888202515573088257,Pembroke,0.809197
2056,888554962724278272,Siberian Husky,0.700377
2057,888804989199671297,Golden Retriever,0.46976
2058,888917238123831296,Golden Retriever,0.714719
2059,889278841981685760,Whippet,0.626152
2060,889531135344209921,Golden Retriever,0.953442
2061,889638837579907072,French Bulldog,0.99165
2062,889665388333682689,Pembroke,0.966327
2063,889880896479866881,French Bulldog,0.377417
2064,890006608113172480,Samoyed,0.957979
2065,890240255349198849,Pembroke,0.511319
2066,890609185150312448,Irish Terrier,0.487574
2067,890729181411237888,Pomeranian,0.566142
2068,890971913173991426,Appenzeller,0.34170300000000003
2069,891087950875897856,Chesapeake Bay Retriever,0.425595
2070,891327558926688256,Basset,0.555712
2071,891689557279858688,Labrador Retriever,0.168086
2072,891815181378084864,Chihuahua,0.716012
2073,892177421306343426,Chihuahua,0.323581
2074,892420643555336193,None,0.0
